file,class,method,constructor,line,cbo,cboModified,fanin,fanout,wmc,rfc,loc,returnsQty,variablesQty,parametersQty,methodsInvokedQty,methodsInvokedLocalQty,methodsInvokedIndirectLocalQty,loopQty,comparisonsQty,tryCatchQty,parenthesizedExpsQty,stringLiteralsQty,numbersQty,assignmentsQty,mathOperationsQty,maxNestedBlocksQty,anonymousClassesQty,innerClassesQty,lambdasQty,uniqueWordsQty,modifiers,logStatementsQty,hasJavaDoc
/Users/mohammadalshariar/Masters in Applied Computer Science/SOFTWARE MEASUREMENT/igo-tvm/src/main/java/concordia/soen6611/igo_tvm/controllers/WelcomeScreenController.java,concordia.soen6611.igo_tvm.controllers.WelcomeScreenController,"WelcomeScreenController/2[concordia.soen6611.igo_tvm.Services.I18nService,concordia.soen6611.igo_tvm.controllers.ApplicationContext]",true,62,2,0,0,0,1,0,4,0,0,2,0,0,0,0,0,0,0,0,0,2,0,0,0,0,0,21,1,0,true
/Users/mohammadalshariar/Masters in Applied Computer Science/SOFTWARE MEASUREMENT/igo-tvm/src/main/java/concordia/soen6611/igo_tvm/controllers/WelcomeScreenController.java,concordia.soen6611.igo_tvm.controllers.WelcomeScreenController,onLanguageChange/1[concordia.soen6611.igo_tvm.controllers.ActionEvent],false,94,4,2,0,2,3,4,12,0,1,1,4,1,1,0,2,0,0,2,0,1,0,1,0,0,0,29,1,0,true
/Users/mohammadalshariar/Masters in Applied Computer Science/SOFTWARE MEASUREMENT/igo-tvm/src/main/java/concordia/soen6611/igo_tvm/controllers/WelcomeScreenController.java,concordia.soen6611.igo_tvm.controllers.WelcomeScreenController,initialize/0,false,75,3,3,0,3,1,8,12,0,3,0,8,1,1,0,0,0,0,6,0,0,4,1,0,0,1,32,1,0,true
/Users/mohammadalshariar/Masters in Applied Computer Science/SOFTWARE MEASUREMENT/igo-tvm/src/main/java/concordia/soen6611/igo_tvm/controllers/WelcomeScreenController.java,concordia.soen6611.igo_tvm.controllers.WelcomeScreenController,onStartPurchase/1[concordia.soen6611.igo_tvm.controllers.ActionEvent],false,130,7,1,0,1,2,10,13,0,3,1,10,0,0,0,0,1,1,2,0,3,1,1,0,0,0,43,1,0,true
/Users/mohammadalshariar/Masters in Applied Computer Science/SOFTWARE MEASUREMENT/igo-tvm/src/main/java/concordia/soen6611/igo_tvm/controllers/WelcomeScreenController.java,concordia.soen6611.igo_tvm.controllers.WelcomeScreenController,updateTexts/0,false,111,1,4,2,2,1,4,11,0,1,0,4,0,0,0,0,0,0,8,0,1,2,0,0,0,0,21,2,0,true
/Users/mohammadalshariar/Masters in Applied Computer Science/SOFTWARE MEASUREMENT/igo-tvm/src/main/java/concordia/soen6611/igo_tvm/Services/ContrastManager.java,concordia.soen6611.igo_tvm.Services.ContrastManager,setLevel/1[double],false,120,1,5,3,2,1,3,5,0,0,1,3,2,1,0,0,0,0,1,0,1,0,0,0,0,0,21,1,0,true
/Users/mohammadalshariar/Masters in Applied Computer Science/SOFTWARE MEASUREMENT/igo-tvm/src/main/java/concordia/soen6611/igo_tvm/Services/ContrastManager.java,concordia.soen6611.igo_tvm.Services.ContrastManager,"attach/2[concordia.soen6611.igo_tvm.Services.Scene,concordia.soen6611.igo_tvm.Services.Parent]",false,82,3,1,0,1,2,3,7,0,0,2,3,1,1,0,1,0,0,0,0,1,0,1,0,0,0,13,1,0,true
/Users/mohammadalshariar/Masters in Applied Computer Science/SOFTWARE MEASUREMENT/igo-tvm/src/main/java/concordia/soen6611/igo_tvm/Services/ContrastManager.java,concordia.soen6611.igo_tvm.Services.ContrastManager,increase/0,false,102,1,2,1,1,1,1,3,0,0,0,1,1,2,0,0,0,0,0,0,0,1,0,0,0,0,17,1,0,true
/Users/mohammadalshariar/Masters in Applied Computer Science/SOFTWARE MEASUREMENT/igo-tvm/src/main/java/concordia/soen6611/igo_tvm/Services/ContrastManager.java,concordia.soen6611.igo_tvm.Services.ContrastManager,apply/0,false,133,0,2,2,0,1,2,4,0,0,0,2,0,0,0,0,0,0,0,0,0,1,0,0,0,0,33,2,0,true
/Users/mohammadalshariar/Masters in Applied Computer Science/SOFTWARE MEASUREMENT/igo-tvm/src/main/java/concordia/soen6611/igo_tvm/Services/ContrastManager.java,concordia.soen6611.igo_tvm.Services.ContrastManager,decrease/0,false,107,1,2,1,1,1,1,3,0,0,0,1,1,2,0,0,0,0,0,0,0,1,0,0,0,0,17,1,0,true
/Users/mohammadalshariar/Masters in Applied Computer Science/SOFTWARE MEASUREMENT/igo-tvm/src/main/java/concordia/soen6611/igo_tvm/Services/ContrastManager.java,concordia.soen6611.igo_tvm.Services.ContrastManager,getLevel/0,false,97,0,1,1,0,1,0,3,1,0,0,0,0,0,0,0,0,0,0,0,0,0,0,0,0,0,8,1,0,true
/Users/mohammadalshariar/Masters in Applied Computer Science/SOFTWARE MEASUREMENT/igo-tvm/src/main/java/concordia/soen6611/igo_tvm/Services/ContrastManager.java,concordia.soen6611.igo_tvm.Services.ContrastManager,getInstance/0,false,44,1,3,3,0,1,0,3,1,0,0,0,0,0,0,0,0,0,0,0,0,0,0,0,0,0,16,9,0,true
/Users/mohammadalshariar/Masters in Applied Computer Science/SOFTWARE MEASUREMENT/igo-tvm/src/main/java/concordia/soen6611/igo_tvm/Services/ContrastManager.java,concordia.soen6611.igo_tvm.Services.ContrastManager,ContrastManager/0,true,71,0,0,0,0,1,0,2,0,0,0,0,0,0,0,0,0,0,0,0,0,0,0,0,0,0,4,2,0,true
/Users/mohammadalshariar/Masters in Applied Computer Science/SOFTWARE MEASUREMENT/igo-tvm/src/main/java/concordia/soen6611/igo_tvm/Services/ContrastManager.java,concordia.soen6611.igo_tvm.Services.ContrastManager,reset/0,false,112,1,1,0,1,1,1,3,0,0,0,1,1,2,0,0,0,0,0,1,0,0,0,0,0,0,10,1,0,true
/Users/mohammadalshariar/Masters in Applied Computer Science/SOFTWARE MEASUREMENT/igo-tvm/src/main/java/concordia/soen6611/igo_tvm/Services/ContrastManager.java,concordia.soen6611.igo_tvm.Services.ContrastManager,clamp/1[double],false,147,0,1,1,0,1,2,3,1,0,1,2,0,0,0,0,0,0,0,0,0,0,0,0,0,0,13,10,0,true
/Users/mohammadalshariar/Masters in Applied Computer Science/SOFTWARE MEASUREMENT/igo-tvm/src/main/java/concordia/soen6611/igo_tvm/exceptions/AbstractCustomException.java,concordia.soen6611.igo_tvm.exceptions.AbstractCustomException,getRootCause/0,false,119,0,0,0,0,1,0,3,1,0,0,0,0,0,0,0,0,0,0,0,0,0,0,0,0,0,11,1,0,true
/Users/mohammadalshariar/Masters in Applied Computer Science/SOFTWARE MEASUREMENT/igo-tvm/src/main/java/concordia/soen6611/igo_tvm/exceptions/AbstractCustomException.java,concordia.soen6611.igo_tvm.exceptions.AbstractCustomException,getUserMessage/0,false,129,0,1,1,0,1,0,3,1,0,0,0,0,0,0,0,0,0,0,0,0,0,0,0,0,0,6,1,0,true
/Users/mohammadalshariar/Masters in Applied Computer Science/SOFTWARE MEASUREMENT/igo-tvm/src/main/java/concordia/soen6611/igo_tvm/exceptions/AbstractCustomException.java,concordia.soen6611.igo_tvm.exceptions.AbstractCustomException,getExceptionType/0,false,114,0,1,1,0,1,0,3,1,0,0,0,0,0,0,0,0,0,0,0,0,0,0,0,0,0,9,1,0,true
/Users/mohammadalshariar/Masters in Applied Computer Science/SOFTWARE MEASUREMENT/igo-tvm/src/main/java/concordia/soen6611/igo_tvm/exceptions/AbstractCustomException.java,concordia.soen6611.igo_tvm.exceptions.AbstractCustomException,AbstractCustomException/1[java.lang.String],true,44,0,0,0,0,1,0,3,0,0,1,0,0,0,0,0,0,0,0,0,0,0,0,0,0,0,15,4,0,true
/Users/mohammadalshariar/Masters in Applied Computer Science/SOFTWARE MEASUREMENT/igo-tvm/src/main/java/concordia/soen6611/igo_tvm/exceptions/AbstractCustomException.java,concordia.soen6611.igo_tvm.exceptions.AbstractCustomException,logException/0,false,98,0,1,1,0,1,1,3,0,0,0,1,0,0,0,0,0,0,1,0,0,0,0,0,0,0,15,2,1,true
/Users/mohammadalshariar/Masters in Applied Computer Science/SOFTWARE MEASUREMENT/igo-tvm/src/main/java/concordia/soen6611/igo_tvm/exceptions/AbstractCustomException.java,concordia.soen6611.igo_tvm.exceptions.AbstractCustomException,safeMsg/1[java.lang.Throwable],false,71,0,1,1,0,2,1,3,1,0,1,1,0,0,0,1,0,0,1,0,0,0,0,0,0,0,19,2,0,true
/Users/mohammadalshariar/Masters in Applied Computer Science/SOFTWARE MEASUREMENT/igo-tvm/src/main/java/concordia/soen6611/igo_tvm/exceptions/AbstractCustomException.java,concordia.soen6611.igo_tvm.exceptions.AbstractCustomException,getTimestamp/0,false,109,0,1,1,0,1,0,3,1,0,0,0,0,0,0,0,0,0,0,0,0,0,0,0,0,0,10,1,0,true
/Users/mohammadalshariar/Masters in Applied Computer Science/SOFTWARE MEASUREMENT/igo-tvm/src/main/java/concordia/soen6611/igo_tvm/exceptions/AbstractCustomException.java,concordia.soen6611.igo_tvm.exceptions.AbstractCustomException,getOrigin/0,false,124,0,0,0,0,1,0,3,1,0,0,0,0,0,0,0,0,0,0,0,0,0,0,0,0,0,10,1,0,true
/Users/mohammadalshariar/Masters in Applied Computer Science/SOFTWARE MEASUREMENT/igo-tvm/src/main/java/concordia/soen6611/igo_tvm/exceptions/AbstractCustomException.java,concordia.soen6611.igo_tvm.exceptions.AbstractCustomException,"AbstractCustomException/2[java.lang.String,java.lang.Throwable]",true,55,1,3,0,3,2,7,9,0,0,2,7,3,1,0,1,0,0,2,0,5,1,0,0,0,0,30,4,0,true
/Users/mohammadalshariar/Masters in Applied Computer Science/SOFTWARE MEASUREMENT/igo-tvm/src/main/java/concordia/soen6611/igo_tvm/exceptions/AbstractCustomException.java,concordia.soen6611.igo_tvm.exceptions.AbstractCustomException,computeOrigin/0,false,82,1,1,1,0,1,11,4,1,4,0,11,0,0,0,0,0,0,3,0,1,0,0,0,0,3,27,2,0,true
/Users/mohammadalshariar/Masters in Applied Computer Science/SOFTWARE MEASUREMENT/igo-tvm/src/main/java/concordia/soen6611/igo_tvm/exceptions/DatabaseException.java,concordia.soen6611.igo_tvm.exceptions.DatabaseException,DatabaseException/1[java.lang.String],true,15,0,1,1,0,1,0,3,0,0,1,0,0,0,0,0,0,0,0,0,0,0,0,0,0,0,12,1,0,true
/Users/mohammadalshariar/Masters in Applied Computer Science/SOFTWARE MEASUREMENT/igo-tvm/src/main/java/concordia/soen6611/igo_tvm/exceptions/DatabaseException.java,concordia.soen6611.igo_tvm.exceptions.DatabaseException,"DatabaseException/2[java.lang.String,java.lang.Throwable]",true,25,0,0,0,0,1,0,3,0,0,2,0,0,0,0,0,0,0,0,0,0,0,0,0,0,0,21,1,0,true
/Users/mohammadalshariar/Masters in Applied Computer Science/SOFTWARE MEASUREMENT/igo-tvm/src/main/java/concordia/soen6611/igo_tvm/Services/PaymentSession.java,concordia.soen6611.igo_tvm.Services.PaymentSession,clear/0,false,71,0,6,6,0,1,0,4,0,0,0,0,0,0,0,0,0,0,0,0,2,0,0,0,0,0,21,1,0,true
/Users/mohammadalshariar/Masters in Applied Computer Science/SOFTWARE MEASUREMENT/igo-tvm/src/main/java/concordia/soen6611/igo_tvm/Services/PaymentSession.java,concordia.soen6611.igo_tvm.Services.PaymentSession,getCurrentOrder/0,false,49,1,3,3,0,1,0,3,1,0,0,0,0,0,0,0,0,0,0,0,0,0,0,0,0,0,12,1,0,true
/Users/mohammadalshariar/Masters in Applied Computer Science/SOFTWARE MEASUREMENT/igo-tvm/src/main/java/concordia/soen6611/igo_tvm/Services/PaymentSession.java,concordia.soen6611.igo_tvm.Services.PaymentSession,getOrigin/0,false,63,1,1,1,0,1,0,3,1,0,0,0,0,0,0,0,0,0,0,0,0,0,0,0,0,0,8,1,0,true
/Users/mohammadalshariar/Masters in Applied Computer Science/SOFTWARE MEASUREMENT/igo-tvm/src/main/java/concordia/soen6611/igo_tvm/Services/PaymentSession.java,concordia.soen6611.igo_tvm.Services.PaymentSession,setCurrentOrder/1[concordia.soen6611.igo_tvm.models.OrderSummary],false,42,1,2,2,0,1,0,3,0,0,1,0,0,0,0,0,0,0,0,0,1,0,0,0,0,0,15,1,0,true
/Users/mohammadalshariar/Masters in Applied Computer Science/SOFTWARE MEASUREMENT/igo-tvm/src/main/java/concordia/soen6611/igo_tvm/Services/PaymentSession.java,concordia.soen6611.igo_tvm.Services.PaymentSession,setOrigin/1[concordia.soen6611.igo_tvm.Services.PaymentSession.Origin],false,56,1,2,2,0,1,0,3,0,0,1,0,0,0,0,0,0,0,0,0,1,0,0,0,0,0,7,1,0,true
/Users/mohammadalshariar/Masters in Applied Computer Science/SOFTWARE MEASUREMENT/igo-tvm/src/main/java/concordia/soen6611/igo_tvm/controllers/CardReloadAmountController.java,concordia.soen6611.igo_tvm.controllers.CardReloadAmountController,"initialize/2[java.net.URL,java.util.ResourceBundle]",false,186,7,4,0,4,4,30,38,0,12,2,30,3,4,1,0,0,0,1,4,3,0,2,0,0,6,68,1,0,true
/Users/mohammadalshariar/Masters in Applied Computer Science/SOFTWARE MEASUREMENT/igo-tvm/src/main/java/concordia/soen6611/igo_tvm/controllers/CardReloadAmountController.java,concordia.soen6611.igo_tvm.controllers.CardReloadAmountController,quantity/0,false,340,0,2,2,0,3,2,4,1,1,0,2,0,0,0,1,0,1,0,2,1,0,0,0,0,0,11,2,0,true
/Users/mohammadalshariar/Masters in Applied Computer Science/SOFTWARE MEASUREMENT/igo-tvm/src/main/java/concordia/soen6611/igo_tvm/controllers/CardReloadAmountController.java,concordia.soen6611.igo_tvm.controllers.CardReloadAmountController,selectedRider/0,false,305,0,2,2,0,3,3,4,1,1,0,3,0,0,0,1,0,1,1,0,1,0,0,0,0,0,17,2,0,true
/Users/mohammadalshariar/Masters in Applied Computer Science/SOFTWARE MEASUREMENT/igo-tvm/src/main/java/concordia/soen6611/igo_tvm/controllers/CardReloadAmountController.java,concordia.soen6611.igo_tvm.controllers.CardReloadAmountController,"CardReloadAmountController/3[concordia.soen6611.igo_tvm.controllers.ApplicationContext,concordia.soen6611.igo_tvm.Services.PaymentSession,concordia.soen6611.igo_tvm.Services.I18nService]",true,165,3,0,0,0,1,0,5,0,0,3,0,0,0,0,0,0,0,0,0,3,0,0,0,0,0,38,1,0,true
/Users/mohammadalshariar/Masters in Applied Computer Science/SOFTWARE MEASUREMENT/igo-tvm/src/main/java/concordia/soen6611/igo_tvm/controllers/CardReloadAmountController.java,concordia.soen6611.igo_tvm.controllers.CardReloadAmountController,onBack/1[concordia.soen6611.igo_tvm.controllers.ActionEvent],false,455,5,0,0,0,2,8,11,0,2,1,8,0,0,0,0,1,1,1,0,2,0,1,0,0,0,28,2,0,true
/Users/mohammadalshariar/Masters in Applied Computer Science/SOFTWARE MEASUREMENT/igo-tvm/src/main/java/concordia/soen6611/igo_tvm/controllers/CardReloadAmountController.java,concordia.soen6611.igo_tvm.controllers.CardReloadAmountController,updateQtyAvailability/0,false,289,1,1,0,1,3,5,8,0,1,0,5,1,1,0,1,0,0,0,1,1,0,1,0,0,0,24,2,0,true
/Users/mohammadalshariar/Masters in Applied Computer Science/SOFTWARE MEASUREMENT/igo-tvm/src/main/java/concordia/soen6611/igo_tvm/controllers/CardReloadAmountController.java,concordia.soen6611.igo_tvm.controllers.CardReloadAmountController,round2/1[double],false,360,0,2,2,0,1,1,3,1,0,1,1,0,0,0,0,0,0,0,2,0,2,0,0,0,0,10,10,0,true
/Users/mohammadalshariar/Masters in Applied Computer Science/SOFTWARE MEASUREMENT/igo-tvm/src/main/java/concordia/soen6611/igo_tvm/controllers/CardReloadAmountController.java,concordia.soen6611.igo_tvm.controllers.CardReloadAmountController,onProceedToPayment/1[concordia.soen6611.igo_tvm.controllers.ActionEvent],false,397,9,9,0,9,2,16,21,0,10,1,16,5,3,0,0,1,1,1,1,10,3,1,0,0,0,62,2,0,true
/Users/mohammadalshariar/Masters in Applied Computer Science/SOFTWARE MEASUREMENT/igo-tvm/src/main/java/concordia/soen6611/igo_tvm/controllers/CardReloadAmountController.java,concordia.soen6611.igo_tvm.controllers.CardReloadAmountController,updateTexts/0,false,244,1,2,1,1,1,2,12,0,0,0,2,0,0,0,0,0,0,10,0,0,0,0,0,0,0,14,2,0,true
/Users/mohammadalshariar/Masters in Applied Computer Science/SOFTWARE MEASUREMENT/igo-tvm/src/main/java/concordia/soen6611/igo_tvm/controllers/CardReloadAmountController.java,concordia.soen6611.igo_tvm.controllers.CardReloadAmountController,onBrandClick/1[concordia.soen6611.igo_tvm.controllers.MouseEvent],false,431,4,1,0,1,1,2,3,0,0,1,2,1,1,0,0,0,0,0,0,0,0,0,0,0,0,18,2,0,true
/Users/mohammadalshariar/Masters in Applied Computer Science/SOFTWARE MEASUREMENT/igo-tvm/src/main/java/concordia/soen6611/igo_tvm/controllers/CardReloadAmountController.java,concordia.soen6611.igo_tvm.controllers.CardReloadAmountController,unitPrice/0,false,350,2,5,2,3,1,3,3,1,0,0,3,2,2,0,0,0,0,0,0,0,0,0,0,0,0,16,2,0,true
/Users/mohammadalshariar/Masters in Applied Computer Science/SOFTWARE MEASUREMENT/igo-tvm/src/main/java/concordia/soen6611/igo_tvm/controllers/CardReloadAmountController.java,concordia.soen6611.igo_tvm.controllers.CardReloadAmountController,localizePassTypeCombo/0,false,261,2,2,1,1,1,5,19,0,2,0,5,0,0,0,0,0,0,2,0,1,0,0,2,0,1,22,2,0,true
/Users/mohammadalshariar/Masters in Applied Computer Science/SOFTWARE MEASUREMENT/igo-tvm/src/main/java/concordia/soen6611/igo_tvm/controllers/CardReloadAmountController.java,concordia.soen6611.igo_tvm.controllers.CardReloadAmountController,selectedTripName/0,false,325,1,3,2,1,5,1,13,4,0,0,1,1,1,0,0,0,0,4,0,0,0,1,0,0,0,17,2,0,true
/Users/mohammadalshariar/Masters in Applied Computer Science/SOFTWARE MEASUREMENT/igo-tvm/src/main/java/concordia/soen6611/igo_tvm/controllers/CardReloadAmountController.java,concordia.soen6611.igo_tvm.controllers.CardReloadAmountController,goWelcome/1[concordia.soen6611.igo_tvm.controllers.Node],false,438,3,1,1,0,2,7,11,0,2,1,7,0,0,0,0,1,0,1,0,2,0,1,0,0,0,31,2,0,true
/Users/mohammadalshariar/Masters in Applied Computer Science/SOFTWARE MEASUREMENT/igo-tvm/src/main/java/concordia/soen6611/igo_tvm/controllers/CardReloadAmountController.java,concordia.soen6611.igo_tvm.controllers.CardReloadAmountController,selectedPassType/0,false,315,1,2,2,0,2,2,4,1,1,0,2,0,0,0,1,0,0,0,0,1,0,0,0,0,0,12,2,0,true
/Users/mohammadalshariar/Masters in Applied Computer Science/SOFTWARE MEASUREMENT/igo-tvm/src/main/java/concordia/soen6611/igo_tvm/controllers/CardReloadAmountController.java,concordia.soen6611.igo_tvm.controllers.CardReloadAmountController,updateEstimate/0,false,368,2,5,1,4,1,6,11,0,5,0,6,3,3,0,0,0,0,0,0,5,3,0,0,0,0,24,2,0,true
/Users/mohammadalshariar/Masters in Applied Computer Science/SOFTWARE MEASUREMENT/igo-tvm/src/main/java/concordia/soen6611/igo_tvm/controllers/CardReloadAmountController.java,concordia.soen6611.igo_tvm.controllers.CardReloadAmountController,onVolume/1[concordia.soen6611.igo_tvm.controllers.ActionEvent],false,473,2,0,0,0,1,0,2,0,0,1,0,0,0,0,0,0,0,0,0,0,0,0,0,0,0,19,2,0,true
/Users/mohammadalshariar/Masters in Applied Computer Science/SOFTWARE MEASUREMENT/igo-tvm/src/main/java/concordia/soen6611/igo_tvm/models/MetroRatePassProxy.java,concordia.soen6611.igo_tvm.models.MetroRatePassProxy,getTAX_RATE/0,false,137,0,1,1,0,1,0,3,1,0,0,0,0,0,0,0,0,0,0,0,0,0,0,0,0,0,14,1,0,true
/Users/mohammadalshariar/Masters in Applied Computer Science/SOFTWARE MEASUREMENT/igo-tvm/src/main/java/concordia/soen6611/igo_tvm/models/MetroRatePassProxy.java,concordia.soen6611.igo_tvm.models.MetroRatePassProxy,getQST/0,false,130,0,1,1,0,1,0,3,1,0,0,0,0,0,0,0,0,0,0,0,0,0,0,0,0,0,6,1,0,true
/Users/mohammadalshariar/Masters in Applied Computer Science/SOFTWARE MEASUREMENT/igo-tvm/src/main/java/concordia/soen6611/igo_tvm/models/MetroRatePassProxy.java,concordia.soen6611.igo_tvm.models.MetroRatePassProxy,clearRates/0,false,116,0,0,0,0,1,1,3,0,0,0,1,0,0,0,0,0,0,0,0,0,0,0,0,0,0,13,1,0,true
/Users/mohammadalshariar/Masters in Applied Computer Science/SOFTWARE MEASUREMENT/igo-tvm/src/main/java/concordia/soen6611/igo_tvm/models/MetroRatePassProxy.java,concordia.soen6611.igo_tvm.models.MetroRatePassProxy,MetroRatePassProxy/0,true,63,0,0,0,0,1,1,22,0,0,0,1,0,0,0,0,0,0,20,20,0,0,0,0,0,0,31,1,0,true
/Users/mohammadalshariar/Masters in Applied Computer Science/SOFTWARE MEASUREMENT/igo-tvm/src/main/java/concordia/soen6611/igo_tvm/models/MetroRatePassProxy.java,concordia.soen6611.igo_tvm.models.MetroRatePassProxy,getRate/1[java.lang.String],false,96,0,1,1,0,1,1,3,1,0,1,1,0,0,0,0,0,0,0,1,0,0,0,0,0,0,12,1,0,true
/Users/mohammadalshariar/Masters in Applied Computer Science/SOFTWARE MEASUREMENT/igo-tvm/src/main/java/concordia/soen6611/igo_tvm/models/MetroRatePassProxy.java,concordia.soen6611.igo_tvm.models.MetroRatePassProxy,getGST/0,false,123,0,1,1,0,1,0,3,1,0,0,0,0,0,0,0,0,0,0,0,0,0,0,0,0,0,6,1,0,true
/Users/mohammadalshariar/Masters in Applied Computer Science/SOFTWARE MEASUREMENT/igo-tvm/src/main/java/concordia/soen6611/igo_tvm/models/MetroRatePassProxy.java,concordia.soen6611.igo_tvm.models.MetroRatePassProxy,"setRate/2[java.lang.String,double]",false,106,0,0,0,0,1,1,3,0,0,2,1,0,0,0,0,0,0,0,0,0,0,0,0,0,0,19,1,0,true
/Users/mohammadalshariar/Masters in Applied Computer Science/SOFTWARE MEASUREMENT/igo-tvm/src/main/java/concordia/soen6611/igo_tvm/exceptions/UserException.java,concordia.soen6611.igo_tvm.exceptions.UserException,"UserException/2[java.lang.String,java.lang.Throwable]",true,27,0,0,0,0,1,0,3,0,0,2,0,0,0,0,0,0,0,0,0,0,0,0,0,0,0,19,1,0,true
/Users/mohammadalshariar/Masters in Applied Computer Science/SOFTWARE MEASUREMENT/igo-tvm/src/main/java/concordia/soen6611/igo_tvm/exceptions/UserException.java,concordia.soen6611.igo_tvm.exceptions.UserException,UserException/1[java.lang.String],true,17,0,1,1,0,1,0,3,0,0,1,0,0,0,0,0,0,0,0,0,0,0,0,0,0,0,12,1,0,true
/Users/mohammadalshariar/Masters in Applied Computer Science/SOFTWARE MEASUREMENT/igo-tvm/src/main/java/concordia/soen6611/igo_tvm/Services/CardReloadService.java,concordia.soen6611.igo_tvm.Services.CardReloadService,readCardAsync/1[boolean],false,56,1,2,1,1,3,4,15,1,0,1,4,0,0,0,0,1,0,2,1,0,0,3,0,0,1,63,1,0,true
/Users/mohammadalshariar/Masters in Applied Computer Science/SOFTWARE MEASUREMENT/igo-tvm/src/main/java/concordia/soen6611/igo_tvm/Services/CardReloadService.java,concordia.soen6611.igo_tvm.Services.CardReloadService,"getFare/2[java.lang.String,java.lang.String]",false,80,1,2,1,1,1,1,3,1,0,2,1,0,0,0,0,0,0,0,0,0,0,0,0,0,0,22,1,0,true
/Users/mohammadalshariar/Masters in Applied Computer Science/SOFTWARE MEASUREMENT/igo-tvm/src/main/java/concordia/soen6611/igo_tvm/Services/CardReloadService.java,concordia.soen6611.igo_tvm.Services.CardReloadService,CardReloadService/1[concordia.soen6611.igo_tvm.Services.FareRateService],true,37,1,0,0,0,1,0,3,0,0,1,0,0,0,0,0,0,0,0,0,1,0,0,0,0,0,15,1,0,true
/Users/mohammadalshariar/Masters in Applied Computer Science/SOFTWARE MEASUREMENT/igo-tvm/src/main/java/concordia/soen6611/igo_tvm/controllers/CardReloadController.java,concordia.soen6611.igo_tvm.controllers.CardReloadController,onVolume/1[concordia.soen6611.igo_tvm.controllers.ActionEvent],false,224,1,0,0,0,1,0,2,0,0,1,0,0,0,0,0,0,0,0,0,0,0,0,0,0,0,17,1,0,true
/Users/mohammadalshariar/Masters in Applied Computer Science/SOFTWARE MEASUREMENT/igo-tvm/src/main/java/concordia/soen6611/igo_tvm/controllers/CardReloadController.java,concordia.soen6611.igo_tvm.controllers.CardReloadController,onBrandClick/1[concordia.soen6611.igo_tvm.controllers.MouseEvent],false,182,5,2,0,2,1,3,4,0,0,1,3,1,1,0,0,0,0,0,0,0,0,0,0,0,0,24,2,0,true
/Users/mohammadalshariar/Masters in Applied Computer Science/SOFTWARE MEASUREMENT/igo-tvm/src/main/java/concordia/soen6611/igo_tvm/controllers/CardReloadController.java,concordia.soen6611.igo_tvm.controllers.CardReloadController,"getFare/2[java.lang.String,java.lang.String]",false,172,1,1,0,1,1,1,3,1,0,2,1,0,0,0,0,0,0,0,0,0,0,0,0,0,0,21,1,0,true
/Users/mohammadalshariar/Masters in Applied Computer Science/SOFTWARE MEASUREMENT/igo-tvm/src/main/java/concordia/soen6611/igo_tvm/controllers/CardReloadController.java,concordia.soen6611.igo_tvm.controllers.CardReloadController,"CardReloadController/5[concordia.soen6611.igo_tvm.Services.I18nService,concordia.soen6611.igo_tvm.Services.FareRateService,concordia.soen6611.igo_tvm.controllers.ApplicationContext,concordia.soen6611.igo_tvm.Services.PaymentSession,concordia.soen6611.igo_tvm.Services.CardReloadService]",true,113,5,0,0,0,1,0,7,0,0,5,0,0,0,0,0,0,0,0,0,5,0,0,0,0,0,33,1,0,true
/Users/mohammadalshariar/Masters in Applied Computer Science/SOFTWARE MEASUREMENT/igo-tvm/src/main/java/concordia/soen6611/igo_tvm/controllers/CardReloadController.java,concordia.soen6611.igo_tvm.controllers.CardReloadController,updateTexts/0,false,158,1,2,1,1,1,2,5,0,0,0,2,0,0,0,0,0,0,3,0,0,0,0,0,0,0,16,2,0,true
/Users/mohammadalshariar/Masters in Applied Computer Science/SOFTWARE MEASUREMENT/igo-tvm/src/main/java/concordia/soen6611/igo_tvm/controllers/CardReloadController.java,concordia.soen6611.igo_tvm.controllers.CardReloadController,goWelcomeScreen/1[concordia.soen6611.igo_tvm.controllers.Node],false,192,3,1,1,0,2,7,11,0,2,1,7,0,0,0,0,1,0,1,0,2,0,1,0,0,0,32,2,0,true
/Users/mohammadalshariar/Masters in Applied Computer Science/SOFTWARE MEASUREMENT/igo-tvm/src/main/java/concordia/soen6611/igo_tvm/controllers/CardReloadController.java,concordia.soen6611.igo_tvm.controllers.CardReloadController,goNext/1[concordia.soen6611.igo_tvm.controllers.Node],false,364,3,0,0,0,2,8,12,0,2,1,8,0,0,0,0,1,0,1,0,2,0,1,0,0,0,43,2,0,true
/Users/mohammadalshariar/Masters in Applied Computer Science/SOFTWARE MEASUREMENT/igo-tvm/src/main/java/concordia/soen6611/igo_tvm/controllers/CardReloadController.java,concordia.soen6611.igo_tvm.controllers.CardReloadController,onBack/1[concordia.soen6611.igo_tvm.controllers.ActionEvent],false,208,4,0,0,0,2,8,11,0,2,1,8,0,0,0,0,1,1,1,0,2,0,1,0,0,0,28,1,0,true
/Users/mohammadalshariar/Masters in Applied Computer Science/SOFTWARE MEASUREMENT/igo-tvm/src/main/java/concordia/soen6611/igo_tvm/controllers/CardReloadController.java,concordia.soen6611.igo_tvm.controllers.CardReloadController,initialize/0,false,131,6,2,0,2,1,16,16,0,5,0,16,1,1,0,0,0,0,0,1,2,0,1,0,0,4,46,2,0,true
/Users/mohammadalshariar/Masters in Applied Computer Science/SOFTWARE MEASUREMENT/igo-tvm/src/main/java/concordia/soen6611/igo_tvm/controllers/CardReloadController.java,concordia.soen6611.igo_tvm.controllers.CardReloadController,onStartReading/1[javafx.event.ActionEvent],false,238,14,6,0,6,11,43,84,4,16,1,43,0,0,0,2,0,3,30,1,12,0,3,0,0,7,80,2,0,true
/Users/mohammadalshariar/Masters in Applied Computer Science/SOFTWARE MEASUREMENT/igo-tvm/src/main/java/concordia/soen6611/igo_tvm/models/PassType.java,concordia.soen6611.igo_tvm.models.PassType,key/0,false,37,0,0,0,0,1,0,3,1,0,0,0,0,0,0,0,0,0,0,0,0,0,0,0,0,0,10,1,0,true
/Users/mohammadalshariar/Masters in Applied Computer Science/SOFTWARE MEASUREMENT/igo-tvm/src/main/java/concordia/soen6611/igo_tvm/models/PassType.java,concordia.soen6611.igo_tvm.models.PassType,PassType/1[java.lang.String],true,30,0,0,0,0,1,0,3,0,0,1,0,0,0,0,0,0,0,0,0,1,0,0,0,0,0,15,0,0,true
/Users/mohammadalshariar/Masters in Applied Computer Science/SOFTWARE MEASUREMENT/igo-tvm/src/main/java/concordia/soen6611/igo_tvm/controllers/CardReloadAmountController.java,concordia.soen6611.igo_tvm.controllers.CardReloadAmountController$Anonymous1,"updateItem/2[PassType,boolean]",false,268,1,0,0,0,3,4,4,0,0,2,4,0,0,0,1,0,0,0,0,0,0,0,0,0,0,9,4,0,false
/Users/mohammadalshariar/Masters in Applied Computer Science/SOFTWARE MEASUREMENT/igo-tvm/src/main/java/concordia/soen6611/igo_tvm/controllers/CardReloadAmountController.java,concordia.soen6611.igo_tvm.controllers.CardReloadAmountController$Anonymous2,"updateItem/2[PassType,boolean]",false,276,1,0,0,0,3,4,4,0,0,2,4,0,0,0,1,0,0,0,0,0,0,0,0,0,0,9,4,0,false
/Users/mohammadalshariar/Masters in Applied Computer Science/SOFTWARE MEASUREMENT/igo-tvm/src/main/java/concordia/soen6611/igo_tvm/Services/FareRateServiceImpl.java,concordia.soen6611.igo_tvm.Services.FareRateServiceImpl,getTax/0,false,44,1,1,0,1,1,1,3,1,0,0,1,0,0,0,0,0,0,0,0,0,0,0,0,0,0,13,1,0,true
/Users/mohammadalshariar/Masters in Applied Computer Science/SOFTWARE MEASUREMENT/igo-tvm/src/main/java/concordia/soen6611/igo_tvm/Services/FareRateServiceImpl.java,concordia.soen6611.igo_tvm.Services.FareRateServiceImpl,getGST/0,false,54,1,1,0,1,1,1,3,1,0,0,1,0,0,0,0,0,0,0,0,0,0,0,0,0,0,13,1,0,true
/Users/mohammadalshariar/Masters in Applied Computer Science/SOFTWARE MEASUREMENT/igo-tvm/src/main/java/concordia/soen6611/igo_tvm/Services/FareRateServiceImpl.java,concordia.soen6611.igo_tvm.Services.FareRateServiceImpl,"getRate/2[java.lang.String,java.lang.String]",false,32,1,1,0,1,1,1,4,1,1,2,1,0,0,0,0,0,0,1,0,1,1,0,0,0,0,25,1,0,true
/Users/mohammadalshariar/Masters in Applied Computer Science/SOFTWARE MEASUREMENT/igo-tvm/src/main/java/concordia/soen6611/igo_tvm/Services/FareRateServiceImpl.java,concordia.soen6611.igo_tvm.Services.FareRateServiceImpl,getQST/0,false,64,1,1,0,1,1,1,3,1,0,0,1,0,0,0,0,0,0,0,0,0,0,0,0,0,0,12,1,0,true
/Users/mohammadalshariar/Masters in Applied Computer Science/SOFTWARE MEASUREMENT/igo-tvm/src/main/java/concordia/soen6611/igo_tvm/Services/FareRateService.java,concordia.soen6611.igo_tvm.Services.FareRateService,getQST/0,false,45,0,0,0,0,1,0,1,0,0,0,0,0,0,0,0,0,0,0,0,0,0,0,0,0,0,12,0,0,true
/Users/mohammadalshariar/Masters in Applied Computer Science/SOFTWARE MEASUREMENT/igo-tvm/src/main/java/concordia/soen6611/igo_tvm/Services/FareRateService.java,concordia.soen6611.igo_tvm.Services.FareRateService,getGST/0,false,38,0,0,0,0,1,0,1,0,0,0,0,0,0,0,0,0,0,0,0,0,0,0,0,0,0,13,0,0,true
/Users/mohammadalshariar/Masters in Applied Computer Science/SOFTWARE MEASUREMENT/igo-tvm/src/main/java/concordia/soen6611/igo_tvm/Services/FareRateService.java,concordia.soen6611.igo_tvm.Services.FareRateService,"getRate/2[java.lang.String,java.lang.String]",false,21,0,3,3,0,1,0,1,0,0,2,0,0,0,0,0,0,0,0,0,0,0,0,0,0,0,19,0,0,true
/Users/mohammadalshariar/Masters in Applied Computer Science/SOFTWARE MEASUREMENT/igo-tvm/src/main/java/concordia/soen6611/igo_tvm/Services/FareRateService.java,concordia.soen6611.igo_tvm.Services.FareRateService,getTax/0,false,30,0,4,4,0,1,0,1,0,0,0,0,0,0,0,0,0,0,0,0,0,0,0,0,0,0,17,0,0,true
/Users/mohammadalshariar/Masters in Applied Computer Science/SOFTWARE MEASUREMENT/igo-tvm/src/main/java/concordia/soen6611/igo_tvm/controllers/CashSubmissionController.java,concordia.soen6611.igo_tvm.controllers.CashSubmissionController,stepInsert/0,false,194,4,2,0,2,6,17,25,0,5,0,17,1,1,0,0,0,0,2,10,6,3,2,0,0,1,54,2,0,true
/Users/mohammadalshariar/Masters in Applied Computer Science/SOFTWARE MEASUREMENT/igo-tvm/src/main/java/concordia/soen6611/igo_tvm/controllers/CashSubmissionController.java,concordia.soen6611.igo_tvm.controllers.CashSubmissionController,"CashSubmissionController/3[concordia.soen6611.igo_tvm.controllers.ApplicationContext,concordia.soen6611.igo_tvm.Services.PaymentSession,concordia.soen6611.igo_tvm.Services.I18nService]",true,116,3,0,0,0,1,0,5,0,0,3,0,0,0,0,0,0,0,0,0,3,0,0,0,0,0,26,1,0,true
/Users/mohammadalshariar/Masters in Applied Computer Science/SOFTWARE MEASUREMENT/igo-tvm/src/main/java/concordia/soen6611/igo_tvm/controllers/CashSubmissionController.java,concordia.soen6611.igo_tvm.controllers.CashSubmissionController,initialize/0,false,127,7,5,0,5,3,22,26,0,7,0,22,2,1,0,2,0,1,1,3,6,0,1,0,0,4,37,2,0,true
/Users/mohammadalshariar/Masters in Applied Computer Science/SOFTWARE MEASUREMENT/igo-tvm/src/main/java/concordia/soen6611/igo_tvm/controllers/CashSubmissionController.java,concordia.soen6611.igo_tvm.controllers.CashSubmissionController,goWelcomePage/0,false,248,2,0,0,0,2,7,11,0,2,0,7,0,0,0,0,1,0,1,0,2,0,1,0,0,0,30,2,0,true
/Users/mohammadalshariar/Masters in Applied Computer Science/SOFTWARE MEASUREMENT/igo-tvm/src/main/java/concordia/soen6611/igo_tvm/controllers/CashSubmissionController.java,concordia.soen6611.igo_tvm.controllers.CashSubmissionController,updateTexts/0,false,169,1,3,1,2,2,7,11,0,3,0,7,0,0,0,0,0,0,7,0,3,0,0,0,0,0,23,2,0,true
/Users/mohammadalshariar/Masters in Applied Computer Science/SOFTWARE MEASUREMENT/igo-tvm/src/main/java/concordia/soen6611/igo_tvm/controllers/CashSubmissionController.java,concordia.soen6611.igo_tvm.controllers.CashSubmissionController,onVolume/1[concordia.soen6611.igo_tvm.controllers.ActionEvent],false,267,1,0,0,0,1,0,2,0,0,1,0,0,0,0,0,0,0,0,0,0,0,0,0,0,0,19,1,0,true
/Users/mohammadalshariar/Masters in Applied Computer Science/SOFTWARE MEASUREMENT/igo-tvm/src/main/java/concordia/soen6611/igo_tvm/controllers/CashSubmissionController.java,concordia.soen6611.igo_tvm.controllers.CashSubmissionController,onBrandClick/1[concordia.soen6611.igo_tvm.controllers.MouseEvent],false,294,5,2,0,2,1,3,4,0,0,1,3,1,1,0,0,0,0,0,0,0,0,0,0,0,0,21,2,0,true
/Users/mohammadalshariar/Masters in Applied Computer Science/SOFTWARE MEASUREMENT/igo-tvm/src/main/java/concordia/soen6611/igo_tvm/controllers/CashSubmissionController.java,concordia.soen6611.igo_tvm.controllers.CashSubmissionController,onCancelCashPayment/1[concordia.soen6611.igo_tvm.controllers.ActionEvent],false,275,4,0,0,0,3,9,12,0,2,1,9,0,0,0,1,1,1,1,0,2,0,1,0,0,0,45,1,0,true
/Users/mohammadalshariar/Masters in Applied Computer Science/SOFTWARE MEASUREMENT/igo-tvm/src/main/java/concordia/soen6611/igo_tvm/controllers/CashSubmissionController.java,concordia.soen6611.igo_tvm.controllers.CashSubmissionController,goWelcomeScreen/1[concordia.soen6611.igo_tvm.controllers.Node],false,304,3,1,1,0,2,7,11,0,2,1,7,0,0,0,0,1,0,1,0,2,0,1,0,0,0,30,2,0,true
/Users/mohammadalshariar/Masters in Applied Computer Science/SOFTWARE MEASUREMENT/igo-tvm/src/main/java/concordia/soen6611/igo_tvm/controllers/CashSubmissionController.java,concordia.soen6611.igo_tvm.controllers.CashSubmissionController,updateAmounts/0,false,232,1,3,2,1,2,7,7,0,3,0,7,0,0,0,0,0,0,1,1,3,1,0,0,0,0,13,2,0,true
/Users/mohammadalshariar/Masters in Applied Computer Science/SOFTWARE MEASUREMENT/igo-tvm/src/main/java/concordia/soen6611/igo_tvm/models/OrderSummary.java,concordia.soen6611.igo_tvm.models.OrderSummary,getMultiTrips/0,false,62,0,0,0,0,1,0,3,1,0,0,0,0,0,0,0,0,0,0,0,0,0,0,0,0,0,11,1,0,true
/Users/mohammadalshariar/Masters in Applied Computer Science/SOFTWARE MEASUREMENT/igo-tvm/src/main/java/concordia/soen6611/igo_tvm/models/OrderSummary.java,concordia.soen6611.igo_tvm.models.OrderSummary,getQuantity/0,false,65,0,0,0,0,1,0,3,1,0,0,0,0,0,0,0,0,0,0,0,0,0,0,0,0,0,8,1,0,true
/Users/mohammadalshariar/Masters in Applied Computer Science/SOFTWARE MEASUREMENT/igo-tvm/src/main/java/concordia/soen6611/igo_tvm/models/OrderSummary.java,concordia.soen6611.igo_tvm.models.OrderSummary,"OrderSummary/6[java.lang.String,java.lang.String,int,int,double,double]",true,46,0,2,2,0,1,0,8,0,0,6,0,0,0,0,0,0,0,0,0,6,0,0,0,0,0,38,1,0,true
/Users/mohammadalshariar/Masters in Applied Computer Science/SOFTWARE MEASUREMENT/igo-tvm/src/main/java/concordia/soen6611/igo_tvm/models/OrderSummary.java,concordia.soen6611.igo_tvm.models.OrderSummary,getTotal/0,false,71,0,3,3,0,1,0,3,1,0,0,0,0,0,0,0,0,0,0,0,0,0,0,0,0,0,5,1,0,true
/Users/mohammadalshariar/Masters in Applied Computer Science/SOFTWARE MEASUREMENT/igo-tvm/src/main/java/concordia/soen6611/igo_tvm/models/OrderSummary.java,concordia.soen6611.igo_tvm.models.OrderSummary,getTripType/0,false,59,0,0,0,0,1,0,3,1,0,0,0,0,0,0,0,0,0,0,0,0,0,0,0,0,0,10,1,0,true
/Users/mohammadalshariar/Masters in Applied Computer Science/SOFTWARE MEASUREMENT/igo-tvm/src/main/java/concordia/soen6611/igo_tvm/models/OrderSummary.java,concordia.soen6611.igo_tvm.models.OrderSummary,getUnitPrice/0,false,68,0,0,0,0,1,0,3,1,0,0,0,0,0,0,0,0,0,0,0,0,0,0,0,0,0,12,1,0,true
/Users/mohammadalshariar/Masters in Applied Computer Science/SOFTWARE MEASUREMENT/igo-tvm/src/main/java/concordia/soen6611/igo_tvm/models/OrderSummary.java,concordia.soen6611.igo_tvm.models.OrderSummary,getRiderType/0,false,56,0,0,0,0,1,0,3,1,0,0,0,0,0,0,0,0,0,0,0,0,0,0,0,0,0,7,1,0,true
/Users/mohammadalshariar/Masters in Applied Computer Science/SOFTWARE MEASUREMENT/igo-tvm/src/main/java/concordia/soen6611/igo_tvm/controllers/BuyNewTicketController.java,concordia.soen6611.igo_tvm.controllers.BuyNewTicketController,updateQtyAvailability/0,false,221,0,7,7,0,4,6,12,0,1,0,6,0,0,0,1,0,1,2,0,1,0,2,0,0,0,25,2,0,true
/Users/mohammadalshariar/Masters in Applied Computer Science/SOFTWARE MEASUREMENT/igo-tvm/src/main/java/concordia/soen6611/igo_tvm/controllers/BuyNewTicketController.java,concordia.soen6611.igo_tvm.controllers.BuyNewTicketController,selectedRiderName/0,false,399,0,2,2,0,7,1,6,4,0,0,1,0,0,0,3,0,0,4,0,0,0,1,0,0,0,19,2,0,true
/Users/mohammadalshariar/Masters in Applied Computer Science/SOFTWARE MEASUREMENT/igo-tvm/src/main/java/concordia/soen6611/igo_tvm/controllers/BuyNewTicketController.java,concordia.soen6611.igo_tvm.controllers.BuyNewTicketController,onBack/1[concordia.soen6611.igo_tvm.controllers.ActionEvent],false,426,4,0,0,0,2,8,11,0,2,1,8,0,0,0,0,1,1,1,0,2,0,1,0,0,0,28,1,0,true
/Users/mohammadalshariar/Masters in Applied Computer Science/SOFTWARE MEASUREMENT/igo-tvm/src/main/java/concordia/soen6611/igo_tvm/controllers/BuyNewTicketController.java,concordia.soen6611.igo_tvm.controllers.BuyNewTicketController,round2/1[double],false,339,0,2,2,0,1,1,3,1,0,1,1,0,0,0,0,0,0,0,2,0,2,0,0,0,0,14,10,0,true
/Users/mohammadalshariar/Masters in Applied Computer Science/SOFTWARE MEASUREMENT/igo-tvm/src/main/java/concordia/soen6611/igo_tvm/controllers/BuyNewTicketController.java,concordia.soen6611.igo_tvm.controllers.BuyNewTicketController,incrementQty/0,false,290,2,1,0,1,1,3,3,0,0,0,3,1,1,0,0,0,0,0,1,0,1,0,0,0,0,9,2,0,true
/Users/mohammadalshariar/Masters in Applied Computer Science/SOFTWARE MEASUREMENT/igo-tvm/src/main/java/concordia/soen6611/igo_tvm/controllers/BuyNewTicketController.java,concordia.soen6611.igo_tvm.controllers.BuyNewTicketController,decrementQty/0,false,298,2,1,0,1,1,4,3,0,0,0,4,1,1,0,0,0,0,0,2,0,1,0,0,0,0,8,2,0,true
/Users/mohammadalshariar/Masters in Applied Computer Science/SOFTWARE MEASUREMENT/igo-tvm/src/main/java/concordia/soen6611/igo_tvm/controllers/BuyNewTicketController.java,concordia.soen6611.igo_tvm.controllers.BuyNewTicketController,recalc/0,false,320,2,12,8,4,1,6,10,0,5,0,6,3,2,0,0,0,0,3,0,5,3,0,0,0,0,24,2,0,true
/Users/mohammadalshariar/Masters in Applied Computer Science/SOFTWARE MEASUREMENT/igo-tvm/src/main/java/concordia/soen6611/igo_tvm/controllers/BuyNewTicketController.java,concordia.soen6611.igo_tvm.controllers.BuyNewTicketController,onMenuMonthly/1[concordia.soen6611.igo_tvm.controllers.ActionEvent],false,272,3,2,0,2,2,3,7,0,0,1,3,2,3,0,1,0,0,0,0,0,0,1,0,0,0,21,2,0,true
/Users/mohammadalshariar/Masters in Applied Computer Science/SOFTWARE MEASUREMENT/igo-tvm/src/main/java/concordia/soen6611/igo_tvm/controllers/BuyNewTicketController.java,concordia.soen6611.igo_tvm.controllers.BuyNewTicketController,onHelpClick/0,false,487,10,2,0,2,3,19,29,0,9,0,19,1,1,0,1,1,0,14,3,9,0,1,0,0,0,45,2,0,true
/Users/mohammadalshariar/Masters in Applied Computer Science/SOFTWARE MEASUREMENT/igo-tvm/src/main/java/concordia/soen6611/igo_tvm/controllers/BuyNewTicketController.java,concordia.soen6611.igo_tvm.controllers.BuyNewTicketController,currentUnitPrice/0,false,348,2,5,2,3,1,3,5,1,2,0,3,2,1,0,0,0,0,0,0,2,0,0,0,0,0,24,2,0,true
/Users/mohammadalshariar/Masters in Applied Computer Science/SOFTWARE MEASUREMENT/igo-tvm/src/main/java/concordia/soen6611/igo_tvm/controllers/BuyNewTicketController.java,concordia.soen6611.igo_tvm.controllers.BuyNewTicketController,onMenuWeekly/1[concordia.soen6611.igo_tvm.controllers.ActionEvent],false,284,3,2,0,2,2,3,7,0,0,1,3,2,3,0,1,0,0,0,0,0,0,1,0,0,0,21,2,0,true
/Users/mohammadalshariar/Masters in Applied Computer Science/SOFTWARE MEASUREMENT/igo-tvm/src/main/java/concordia/soen6611/igo_tvm/controllers/BuyNewTicketController.java,concordia.soen6611.igo_tvm.controllers.BuyNewTicketController,goWelcomeScreen/1[concordia.soen6611.igo_tvm.controllers.Node],false,460,3,1,1,0,2,7,11,0,2,1,7,0,0,0,0,1,0,1,0,2,0,1,0,0,0,30,2,0,true
/Users/mohammadalshariar/Masters in Applied Computer Science/SOFTWARE MEASUREMENT/igo-tvm/src/main/java/concordia/soen6611/igo_tvm/controllers/BuyNewTicketController.java,concordia.soen6611.igo_tvm.controllers.BuyNewTicketController,initialize/0,false,129,5,3,0,3,8,25,37,2,11,0,25,3,3,0,4,0,0,3,1,2,0,2,0,0,6,72,2,0,true
/Users/mohammadalshariar/Masters in Applied Computer Science/SOFTWARE MEASUREMENT/igo-tvm/src/main/java/concordia/soen6611/igo_tvm/controllers/BuyNewTicketController.java,concordia.soen6611.igo_tvm.controllers.BuyNewTicketController,onMenuDay/1[concordia.soen6611.igo_tvm.controllers.ActionEvent],false,266,3,2,0,2,2,3,7,0,0,1,3,2,3,0,1,0,0,0,0,0,0,1,0,0,0,21,2,0,true
/Users/mohammadalshariar/Masters in Applied Computer Science/SOFTWARE MEASUREMENT/igo-tvm/src/main/java/concordia/soen6611/igo_tvm/controllers/BuyNewTicketController.java,concordia.soen6611.igo_tvm.controllers.BuyNewTicketController,qty/0,false,307,0,4,4,0,2,3,8,2,0,0,3,0,0,0,0,1,0,0,2,0,0,1,0,0,0,17,2,0,true
/Users/mohammadalshariar/Masters in Applied Computer Science/SOFTWARE MEASUREMENT/igo-tvm/src/main/java/concordia/soen6611/igo_tvm/controllers/BuyNewTicketController.java,concordia.soen6611.igo_tvm.controllers.BuyNewTicketController,onTripChange/1[concordia.soen6611.igo_tvm.controllers.ActionEvent],false,251,3,2,0,2,1,2,4,0,0,1,2,2,3,0,0,0,0,0,0,0,0,0,0,0,0,24,2,0,true
/Users/mohammadalshariar/Masters in Applied Computer Science/SOFTWARE MEASUREMENT/igo-tvm/src/main/java/concordia/soen6611/igo_tvm/controllers/BuyNewTicketController.java,concordia.soen6611.igo_tvm.controllers.BuyNewTicketController,onVolume/1[concordia.soen6611.igo_tvm.controllers.ActionEvent],false,478,1,0,0,0,1,0,2,0,0,1,0,0,0,0,0,0,0,0,0,0,0,0,0,0,0,22,1,0,true
/Users/mohammadalshariar/Masters in Applied Computer Science/SOFTWARE MEASUREMENT/igo-tvm/src/main/java/concordia/soen6611/igo_tvm/controllers/BuyNewTicketController.java,concordia.soen6611.igo_tvm.controllers.BuyNewTicketController,shutdown/0,false,440,0,0,0,0,2,1,3,0,0,0,1,0,0,0,1,0,0,0,0,0,0,1,0,0,0,15,1,0,true
/Users/mohammadalshariar/Masters in Applied Computer Science/SOFTWARE MEASUREMENT/igo-tvm/src/main/java/concordia/soen6611/igo_tvm/controllers/BuyNewTicketController.java,concordia.soen6611.igo_tvm.controllers.BuyNewTicketController,onBrandClick/1[concordia.soen6611.igo_tvm.controllers.MouseEvent],false,450,5,2,0,2,1,3,4,0,0,1,3,1,1,0,0,0,0,0,0,0,0,0,0,0,0,25,2,0,true
/Users/mohammadalshariar/Masters in Applied Computer Science/SOFTWARE MEASUREMENT/igo-tvm/src/main/java/concordia/soen6611/igo_tvm/controllers/BuyNewTicketController.java,concordia.soen6611.igo_tvm.controllers.BuyNewTicketController,onMakePayment/1[concordia.soen6611.igo_tvm.controllers.ActionEvent],false,368,9,9,0,9,2,16,21,0,10,1,16,5,2,0,0,1,1,1,1,10,3,1,0,0,0,67,2,0,true
/Users/mohammadalshariar/Masters in Applied Computer Science/SOFTWARE MEASUREMENT/igo-tvm/src/main/java/concordia/soen6611/igo_tvm/controllers/BuyNewTicketController.java,concordia.soen6611.igo_tvm.controllers.BuyNewTicketController,selectedTripName/0,false,412,0,2,2,0,11,1,8,6,0,0,1,0,0,0,5,0,0,6,0,0,0,1,0,0,0,20,2,0,true
/Users/mohammadalshariar/Masters in Applied Computer Science/SOFTWARE MEASUREMENT/igo-tvm/src/main/java/concordia/soen6611/igo_tvm/controllers/BuyNewTicketController.java,concordia.soen6611.igo_tvm.controllers.BuyNewTicketController,updateTexts/0,false,181,1,2,1,1,1,2,25,0,0,0,2,0,0,0,0,0,0,23,0,0,0,0,0,0,0,18,2,0,true
/Users/mohammadalshariar/Masters in Applied Computer Science/SOFTWARE MEASUREMENT/igo-tvm/src/main/java/concordia/soen6611/igo_tvm/controllers/BuyNewTicketController.java,concordia.soen6611.igo_tvm.controllers.BuyNewTicketController,onRiderTypeChange/1[concordia.soen6611.igo_tvm.controllers.ActionEvent],false,243,3,1,0,1,1,1,3,0,0,1,1,1,3,0,0,0,0,0,0,0,0,0,0,0,0,20,2,0,true
/Users/mohammadalshariar/Masters in Applied Computer Science/SOFTWARE MEASUREMENT/igo-tvm/src/main/java/concordia/soen6611/igo_tvm/controllers/BuyNewTicketController.java,concordia.soen6611.igo_tvm.controllers.BuyNewTicketController,onMenuSingle/1[concordia.soen6611.igo_tvm.controllers.ActionEvent],false,260,3,2,0,2,2,3,7,0,0,1,3,2,3,0,1,0,0,0,0,0,0,1,0,0,0,21,2,0,true
/Users/mohammadalshariar/Masters in Applied Computer Science/SOFTWARE MEASUREMENT/igo-tvm/src/main/java/concordia/soen6611/igo_tvm/controllers/BuyNewTicketController.java,concordia.soen6611.igo_tvm.controllers.BuyNewTicketController,"contactRow/2[java.lang.String,java.lang.String]",false,537,5,2,1,1,1,8,17,1,6,2,8,0,0,0,0,0,0,4,1,5,0,1,0,0,1,40,2,0,true
/Users/mohammadalshariar/Masters in Applied Computer Science/SOFTWARE MEASUREMENT/igo-tvm/src/main/java/concordia/soen6611/igo_tvm/controllers/BuyNewTicketController.java,concordia.soen6611.igo_tvm.controllers.BuyNewTicketController,onMenuWeekend/1[concordia.soen6611.igo_tvm.controllers.ActionEvent],false,278,3,2,0,2,2,3,7,0,0,1,3,2,3,0,1,0,0,0,0,0,0,1,0,0,0,21,2,0,true
/Users/mohammadalshariar/Masters in Applied Computer Science/SOFTWARE MEASUREMENT/igo-tvm/src/main/java/concordia/soen6611/igo_tvm/IGoApplication.java,concordia.soen6611.igo_tvm.IGoApplication,stop/0,false,79,0,0,0,0,1,1,3,0,0,0,1,0,0,0,0,0,0,0,0,0,0,0,0,0,0,13,1,0,true
/Users/mohammadalshariar/Masters in Applied Computer Science/SOFTWARE MEASUREMENT/igo-tvm/src/main/java/concordia/soen6611/igo_tvm/IGoApplication.java,concordia.soen6611.igo_tvm.IGoApplication,init/0,false,43,2,0,0,0,1,2,3,0,0,0,2,0,0,0,0,0,0,0,0,1,0,0,0,0,0,25,1,0,true
/Users/mohammadalshariar/Masters in Applied Computer Science/SOFTWARE MEASUREMENT/igo-tvm/src/main/java/concordia/soen6611/igo_tvm/IGoApplication.java,concordia.soen6611.igo_tvm.IGoApplication,main/1[java.lang.String[]],false,88,0,0,0,0,1,1,3,0,0,1,1,0,0,0,0,0,0,0,0,0,0,0,0,0,0,15,9,0,true
/Users/mohammadalshariar/Masters in Applied Computer Science/SOFTWARE MEASUREMENT/igo-tvm/src/main/java/concordia/soen6611/igo_tvm/IGoApplication.java,concordia.soen6611.igo_tvm.IGoApplication,start/1[concordia.soen6611.igo_tvm.Stage],false,60,4,0,0,0,1,9,11,0,3,1,9,0,0,0,0,0,0,2,4,3,0,0,0,0,0,43,1,0,true
/Users/mohammadalshariar/Masters in Applied Computer Science/SOFTWARE MEASUREMENT/igo-tvm/src/main/java/concordia/soen6611/igo_tvm/controllers/HomeController.java,concordia.soen6611.igo_tvm.controllers.HomeController,onBuyTicket/1[concordia.soen6611.igo_tvm.controllers.ActionEvent],false,159,5,0,0,0,2,8,11,0,2,1,8,0,0,0,0,1,1,1,0,2,0,1,0,0,0,29,2,0,true
/Users/mohammadalshariar/Masters in Applied Computer Science/SOFTWARE MEASUREMENT/igo-tvm/src/main/java/concordia/soen6611/igo_tvm/controllers/HomeController.java,concordia.soen6611.igo_tvm.controllers.HomeController,reflectZoomButtons/0,false,351,1,4,2,2,3,3,5,0,1,0,3,0,0,0,0,0,0,0,2,1,0,0,0,0,0,10,2,0,true
/Users/mohammadalshariar/Masters in Applied Computer Science/SOFTWARE MEASUREMENT/igo-tvm/src/main/java/concordia/soen6611/igo_tvm/controllers/HomeController.java,concordia.soen6611.igo_tvm.controllers.HomeController,reflectContrastButtons/0,false,376,1,4,2,2,3,3,5,0,1,0,3,0,0,0,0,0,0,0,2,1,0,0,0,0,0,12,2,0,true
/Users/mohammadalshariar/Masters in Applied Computer Science/SOFTWARE MEASUREMENT/igo-tvm/src/main/java/concordia/soen6611/igo_tvm/controllers/HomeController.java,concordia.soen6611.igo_tvm.controllers.HomeController,onInfo/0,false,266,12,2,0,2,5,23,33,0,10,0,23,1,1,0,3,1,0,16,7,10,0,1,0,0,0,43,2,0,true
/Users/mohammadalshariar/Masters in Applied Computer Science/SOFTWARE MEASUREMENT/igo-tvm/src/main/java/concordia/soen6611/igo_tvm/controllers/HomeController.java,concordia.soen6611.igo_tvm.controllers.HomeController,item/1[java.lang.String],false,326,2,1,1,0,1,3,9,1,3,1,3,0,0,0,0,0,0,3,1,3,0,0,0,0,0,18,2,0,true
/Users/mohammadalshariar/Masters in Applied Computer Science/SOFTWARE MEASUREMENT/igo-tvm/src/main/java/concordia/soen6611/igo_tvm/controllers/HomeController.java,concordia.soen6611.igo_tvm.controllers.HomeController,onBrandClick/1[concordia.soen6611.igo_tvm.controllers.MouseEvent],false,242,4,1,0,1,1,2,3,0,0,1,2,1,1,0,0,0,0,0,0,0,0,0,0,0,0,18,2,0,true
/Users/mohammadalshariar/Masters in Applied Computer Science/SOFTWARE MEASUREMENT/igo-tvm/src/main/java/concordia/soen6611/igo_tvm/controllers/HomeController.java,concordia.soen6611.igo_tvm.controllers.HomeController,onVolume/0,false,192,1,0,0,0,1,0,2,0,0,0,0,0,0,0,0,0,0,0,0,0,0,0,0,0,0,11,2,0,true
/Users/mohammadalshariar/Masters in Applied Computer Science/SOFTWARE MEASUREMENT/igo-tvm/src/main/java/concordia/soen6611/igo_tvm/controllers/HomeController.java,concordia.soen6611.igo_tvm.controllers.HomeController,onFontSizeIn/0,false,341,3,3,0,3,1,3,4,0,0,0,3,1,1,0,0,0,0,0,0,0,0,0,0,0,0,16,2,0,true
/Users/mohammadalshariar/Masters in Applied Computer Science/SOFTWARE MEASUREMENT/igo-tvm/src/main/java/concordia/soen6611/igo_tvm/controllers/HomeController.java,concordia.soen6611.igo_tvm.controllers.HomeController,onHelpClick/0,false,387,10,2,0,2,3,19,29,0,9,0,19,1,1,0,1,1,0,14,3,9,0,1,0,0,0,45,2,0,true
/Users/mohammadalshariar/Masters in Applied Computer Science/SOFTWARE MEASUREMENT/igo-tvm/src/main/java/concordia/soen6611/igo_tvm/controllers/HomeController.java,concordia.soen6611.igo_tvm.controllers.HomeController,"HomeController/2[concordia.soen6611.igo_tvm.Services.I18nService,concordia.soen6611.igo_tvm.controllers.ApplicationContext]",true,105,2,0,0,0,1,0,4,0,0,2,0,0,0,0,0,0,0,0,0,2,0,0,0,0,0,25,1,0,true
/Users/mohammadalshariar/Masters in Applied Computer Science/SOFTWARE MEASUREMENT/igo-tvm/src/main/java/concordia/soen6611/igo_tvm/controllers/HomeController.java,concordia.soen6611.igo_tvm.controllers.HomeController,onLanguageChange/1[concordia.soen6611.igo_tvm.controllers.ActionEvent],false,207,4,2,0,2,3,3,10,0,1,1,3,1,1,0,2,0,0,0,0,1,0,1,0,0,0,27,1,0,true
/Users/mohammadalshariar/Masters in Applied Computer Science/SOFTWARE MEASUREMENT/igo-tvm/src/main/java/concordia/soen6611/igo_tvm/controllers/HomeController.java,concordia.soen6611.igo_tvm.controllers.HomeController,"contactRow/2[java.lang.String,java.lang.String]",false,437,5,2,1,1,1,8,17,1,6,2,8,0,0,0,0,0,0,4,1,5,0,1,0,0,1,37,2,0,true
/Users/mohammadalshariar/Masters in Applied Computer Science/SOFTWARE MEASUREMENT/igo-tvm/src/main/java/concordia/soen6611/igo_tvm/controllers/HomeController.java,concordia.soen6611.igo_tvm.controllers.HomeController,onReload/1[concordia.soen6611.igo_tvm.controllers.ActionEvent],false,176,5,0,0,0,2,9,12,0,2,1,9,0,0,0,0,1,1,2,0,2,0,1,0,0,0,28,2,0,true
/Users/mohammadalshariar/Masters in Applied Computer Science/SOFTWARE MEASUREMENT/igo-tvm/src/main/java/concordia/soen6611/igo_tvm/controllers/HomeController.java,concordia.soen6611.igo_tvm.controllers.HomeController,onContrastUp/0,false,360,3,3,0,3,1,3,4,0,0,0,3,1,1,0,0,0,0,0,0,0,0,0,0,0,0,10,2,0,true
/Users/mohammadalshariar/Masters in Applied Computer Science/SOFTWARE MEASUREMENT/igo-tvm/src/main/java/concordia/soen6611/igo_tvm/controllers/HomeController.java,concordia.soen6611.igo_tvm.controllers.HomeController,shutdown/0,false,197,0,0,0,0,2,1,3,0,0,0,1,0,0,0,1,0,0,0,0,0,0,1,0,0,0,10,1,0,true
/Users/mohammadalshariar/Masters in Applied Computer Science/SOFTWARE MEASUREMENT/igo-tvm/src/main/java/concordia/soen6611/igo_tvm/controllers/HomeController.java,concordia.soen6611.igo_tvm.controllers.HomeController,initialize/0,false,121,6,3,0,3,1,21,24,0,5,0,21,1,1,0,0,0,0,4,1,2,1,1,0,0,4,58,2,0,true
/Users/mohammadalshariar/Masters in Applied Computer Science/SOFTWARE MEASUREMENT/igo-tvm/src/main/java/concordia/soen6611/igo_tvm/controllers/HomeController.java,concordia.soen6611.igo_tvm.controllers.HomeController,onFontSizeOut/0,false,346,3,3,0,3,1,3,4,0,0,0,3,1,1,0,0,0,0,0,0,0,0,0,0,0,0,16,2,0,true
/Users/mohammadalshariar/Masters in Applied Computer Science/SOFTWARE MEASUREMENT/igo-tvm/src/main/java/concordia/soen6611/igo_tvm/controllers/HomeController.java,concordia.soen6611.igo_tvm.controllers.HomeController,onContrastDown/0,false,368,3,3,0,3,1,3,4,0,0,0,3,1,1,0,0,0,0,0,0,0,0,0,0,0,0,10,2,0,true
/Users/mohammadalshariar/Masters in Applied Computer Science/SOFTWARE MEASUREMENT/igo-tvm/src/main/java/concordia/soen6611/igo_tvm/controllers/HomeController.java,concordia.soen6611.igo_tvm.controllers.HomeController,updateTexts/0,false,221,2,3,2,1,1,3,11,0,0,0,3,0,0,0,0,0,0,9,0,0,0,0,0,0,0,13,2,0,true
/Users/mohammadalshariar/Masters in Applied Computer Science/SOFTWARE MEASUREMENT/igo-tvm/src/main/java/concordia/soen6611/igo_tvm/controllers/HomeController.java,concordia.soen6611.igo_tvm.controllers.HomeController,goWelcomeScreen/1[concordia.soen6611.igo_tvm.controllers.Node],false,251,3,1,1,0,2,7,11,0,2,1,7,0,0,0,0,1,0,1,0,2,0,1,0,0,0,31,2,0,true
/Users/mohammadalshariar/Masters in Applied Computer Science/SOFTWARE MEASUREMENT/igo-tvm/src/main/java/concordia/soen6611/igo_tvm/exceptions/HardwareException.java,concordia.soen6611.igo_tvm.exceptions.HardwareException,"HardwareException/2[java.lang.String,java.lang.Throwable]",true,27,0,0,0,0,1,0,3,0,0,2,0,0,0,0,0,0,0,0,0,0,0,0,0,0,0,20,1,0,true
/Users/mohammadalshariar/Masters in Applied Computer Science/SOFTWARE MEASUREMENT/igo-tvm/src/main/java/concordia/soen6611/igo_tvm/exceptions/HardwareException.java,concordia.soen6611.igo_tvm.exceptions.HardwareException,HardwareException/1[java.lang.String],true,17,0,1,1,0,1,0,3,0,0,1,0,0,0,0,0,0,0,0,0,0,0,0,0,0,0,13,1,0,true
/Users/mohammadalshariar/Masters in Applied Computer Science/SOFTWARE MEASUREMENT/igo-tvm/src/main/java/concordia/soen6611/igo_tvm/models/ExceptionDialog.java,concordia.soen6611.igo_tvm.models.ExceptionDialog,"show/3[concordia.soen6611.igo_tvm.exceptions.AbstractCustomException,concordia.soen6611.igo_tvm.models.Window,concordia.soen6611.igo_tvm.models.ApplicationContext]",false,78,12,4,1,3,7,19,38,1,8,3,19,2,1,0,4,2,0,8,0,8,0,4,0,0,1,81,9,0,true
/Users/mohammadalshariar/Masters in Applied Computer Science/SOFTWARE MEASUREMENT/igo-tvm/src/main/java/concordia/soen6611/igo_tvm/models/ExceptionDialog.java,concordia.soen6611.igo_tvm.models.ExceptionDialog,i18n/1[concordia.soen6611.igo_tvm.models.ApplicationContext],false,44,2,2,2,0,2,1,8,2,0,1,1,0,0,0,0,1,0,0,0,0,0,1,0,0,0,24,10,0,true
/Users/mohammadalshariar/Masters in Applied Computer Science/SOFTWARE MEASUREMENT/igo-tvm/src/main/java/concordia/soen6611/igo_tvm/models/ExceptionDialog.java,concordia.soen6611.igo_tvm.models.ExceptionDialog,"msg/4[concordia.soen6611.igo_tvm.Services.I18nService,java.lang.String,java.lang.String,java.lang.Object[]]",false,60,1,3,2,1,2,1,3,1,0,4,1,0,0,0,1,0,0,0,0,0,0,0,0,0,0,25,10,0,true
/Users/mohammadalshariar/Masters in Applied Computer Science/SOFTWARE MEASUREMENT/igo-tvm/src/main/java/concordia/soen6611/igo_tvm/models/ExceptionDialog.java,concordia.soen6611.igo_tvm.models.ExceptionDialog,"showAsUserException/3[java.lang.Throwable,concordia.soen6611.igo_tvm.models.Window,concordia.soen6611.igo_tvm.models.ApplicationContext]",false,136,7,3,0,3,7,19,39,2,10,3,19,3,2,0,2,2,1,12,3,10,2,4,0,0,1,84,9,0,true
/Users/mohammadalshariar/Masters in Applied Computer Science/SOFTWARE MEASUREMENT/igo-tvm/src/main/java/concordia/soen6611/igo_tvm/models/ExceptionDialog.java,concordia.soen6611.igo_tvm.models.ExceptionDialog,ExceptionDialog/0,true,34,0,0,0,0,1,0,2,0,0,0,0,0,0,0,0,0,0,0,0,0,0,0,0,0,0,2,2,0,false
/Users/mohammadalshariar/Masters in Applied Computer Science/SOFTWARE MEASUREMENT/igo-tvm/src/main/java/concordia/soen6611/igo_tvm/Services/PaymentService.java,concordia.soen6611.igo_tvm.Services.PaymentService,cancelPayment/0,false,69,1,2,1,1,2,1,5,0,0,0,1,0,0,0,1,0,0,1,0,0,0,1,0,0,0,18,1,0,true
/Users/mohammadalshariar/Masters in Applied Computer Science/SOFTWARE MEASUREMENT/igo-tvm/src/main/java/concordia/soen6611/igo_tvm/Services/PaymentService.java,concordia.soen6611.igo_tvm.Services.PaymentService,"startPayment/2[java.lang.String,double]",false,35,1,2,1,1,1,0,3,0,0,2,0,0,0,0,0,0,0,0,0,1,0,0,0,0,0,20,1,0,true
/Users/mohammadalshariar/Masters in Applied Computer Science/SOFTWARE MEASUREMENT/igo-tvm/src/main/java/concordia/soen6611/igo_tvm/Services/PaymentService.java,concordia.soen6611.igo_tvm.Services.PaymentService,processPayment/0,false,55,1,2,1,1,2,1,6,0,0,0,1,0,0,0,1,0,0,2,0,0,0,1,0,0,0,21,1,0,true
/Users/mohammadalshariar/Masters in Applied Computer Science/SOFTWARE MEASUREMENT/igo-tvm/src/main/java/concordia/soen6611/igo_tvm/Services/PaymentService.java,concordia.soen6611.igo_tvm.Services.PaymentService,getCurrentPayment/0,false,44,1,0,0,0,1,0,3,1,0,0,0,0,0,0,0,0,0,0,0,0,0,0,0,0,0,18,1,0,true
/Users/mohammadalshariar/Masters in Applied Computer Science/SOFTWARE MEASUREMENT/igo-tvm/src/main/java/concordia/soen6611/igo_tvm/controllers/PaymentController.java,concordia.soen6611.igo_tvm.controllers.PaymentController,onSelectMobileWallet/0,false,229,2,1,0,1,1,2,5,0,0,0,2,1,1,0,0,0,0,1,0,1,0,0,0,0,0,21,1,1,true
/Users/mohammadalshariar/Masters in Applied Computer Science/SOFTWARE MEASUREMENT/igo-tvm/src/main/java/concordia/soen6611/igo_tvm/controllers/PaymentController.java,concordia.soen6611.igo_tvm.controllers.PaymentController,onBrandClick/1[concordia.soen6611.igo_tvm.controllers.MouseEvent],false,389,5,2,0,2,1,3,4,0,0,1,3,1,1,0,0,0,0,0,0,0,0,0,0,0,0,21,2,0,true
/Users/mohammadalshariar/Masters in Applied Computer Science/SOFTWARE MEASUREMENT/igo-tvm/src/main/java/concordia/soen6611/igo_tvm/controllers/PaymentController.java,concordia.soen6611.igo_tvm.controllers.PaymentController,updateTexts/0,false,156,1,2,1,1,1,2,11,0,0,0,2,0,0,0,0,0,0,9,0,0,0,0,0,0,0,11,2,0,true
/Users/mohammadalshariar/Masters in Applied Computer Science/SOFTWARE MEASUREMENT/igo-tvm/src/main/java/concordia/soen6611/igo_tvm/controllers/PaymentController.java,concordia.soen6611.igo_tvm.controllers.PaymentController,onCancelPayment/1[concordia.soen6611.igo_tvm.controllers.ActionEvent],false,329,4,2,0,2,1,4,5,0,0,1,4,1,1,0,0,0,0,1,0,0,0,0,0,0,0,21,1,1,true
/Users/mohammadalshariar/Masters in Applied Computer Science/SOFTWARE MEASUREMENT/igo-tvm/src/main/java/concordia/soen6611/igo_tvm/controllers/PaymentController.java,concordia.soen6611.igo_tvm.controllers.PaymentController,"PaymentController/3[concordia.soen6611.igo_tvm.controllers.ApplicationContext,concordia.soen6611.igo_tvm.Services.PaymentSession,concordia.soen6611.igo_tvm.Services.I18nService]",true,111,3,0,0,0,1,0,5,0,0,3,0,0,0,0,0,0,0,0,0,3,0,0,0,0,0,25,1,0,true
/Users/mohammadalshariar/Masters in Applied Computer Science/SOFTWARE MEASUREMENT/igo-tvm/src/main/java/concordia/soen6611/igo_tvm/controllers/PaymentController.java,concordia.soen6611.igo_tvm.controllers.PaymentController,applySelectionStyles/0,false,239,0,4,4,0,6,4,20,0,0,0,4,0,0,0,2,0,0,9,0,0,0,2,0,0,0,17,2,0,true
/Users/mohammadalshariar/Masters in Applied Computer Science/SOFTWARE MEASUREMENT/igo-tvm/src/main/java/concordia/soen6611/igo_tvm/controllers/PaymentController.java,concordia.soen6611.igo_tvm.controllers.PaymentController,goWelcomeScreen/1[concordia.soen6611.igo_tvm.controllers.Node],false,399,3,1,1,0,2,7,11,0,2,1,7,0,0,0,0,1,0,1,0,2,0,1,0,0,0,30,2,0,true
/Users/mohammadalshariar/Masters in Applied Computer Science/SOFTWARE MEASUREMENT/igo-tvm/src/main/java/concordia/soen6611/igo_tvm/controllers/PaymentController.java,concordia.soen6611.igo_tvm.controllers.PaymentController,onConfirm/1[concordia.soen6611.igo_tvm.controllers.ActionEvent],false,278,8,7,0,7,6,19,44,0,6,1,19,2,1,0,4,0,0,14,2,5,0,3,0,0,1,53,1,4,true
/Users/mohammadalshariar/Masters in Applied Computer Science/SOFTWARE MEASUREMENT/igo-tvm/src/main/java/concordia/soen6611/igo_tvm/controllers/PaymentController.java,concordia.soen6611.igo_tvm.controllers.PaymentController,onSelectCash/0,false,219,2,1,0,1,1,2,5,0,0,0,2,1,1,0,0,0,0,1,0,1,0,0,0,0,0,14,1,1,true
/Users/mohammadalshariar/Masters in Applied Computer Science/SOFTWARE MEASUREMENT/igo-tvm/src/main/java/concordia/soen6611/igo_tvm/controllers/PaymentController.java,concordia.soen6611.igo_tvm.controllers.PaymentController,initialize/0,false,128,5,3,0,3,1,16,18,0,2,0,16,3,1,0,0,0,0,1,1,2,0,1,0,0,3,58,2,1,true
/Users/mohammadalshariar/Masters in Applied Computer Science/SOFTWARE MEASUREMENT/igo-tvm/src/main/java/concordia/soen6611/igo_tvm/controllers/PaymentController.java,concordia.soen6611.igo_tvm.controllers.PaymentController,goBack/1[concordia.soen6611.igo_tvm.controllers.Node],false,345,4,2,1,1,5,8,29,0,5,1,8,0,0,0,0,2,0,3,0,6,0,2,0,0,0,54,2,0,true
/Users/mohammadalshariar/Masters in Applied Computer Science/SOFTWARE MEASUREMENT/igo-tvm/src/main/java/concordia/soen6611/igo_tvm/controllers/PaymentController.java,concordia.soen6611.igo_tvm.controllers.PaymentController,onSelectCard/0,false,209,2,1,0,1,1,2,5,0,0,0,2,1,1,0,0,0,0,1,0,1,0,0,0,0,0,14,1,1,true
/Users/mohammadalshariar/Masters in Applied Computer Science/SOFTWARE MEASUREMENT/igo-tvm/src/main/java/concordia/soen6611/igo_tvm/controllers/PaymentController.java,concordia.soen6611.igo_tvm.controllers.PaymentController,setTotalDueFromSession/0,false,172,3,4,1,3,4,10,11,0,7,0,10,0,0,0,2,0,1,3,1,7,0,0,0,0,0,32,2,1,true
/Users/mohammadalshariar/Masters in Applied Computer Science/SOFTWARE MEASUREMENT/igo-tvm/src/main/java/concordia/soen6611/igo_tvm/controllers/PaymentController.java,concordia.soen6611.igo_tvm.controllers.PaymentController,showTapHintIfNeeded/0,false,261,0,1,1,0,2,2,5,0,1,0,2,0,0,0,1,0,0,0,0,1,0,0,0,0,0,17,2,0,true
/Users/mohammadalshariar/Masters in Applied Computer Science/SOFTWARE MEASUREMENT/igo-tvm/src/main/java/concordia/soen6611/igo_tvm/controllers/PaymentController.java,concordia.soen6611.igo_tvm.controllers.PaymentController,onVolume/1[concordia.soen6611.igo_tvm.controllers.ActionEvent],false,378,1,0,0,0,1,1,3,0,0,1,1,0,0,0,0,0,0,1,0,0,0,0,0,0,0,17,1,1,true
/Users/mohammadalshariar/Masters in Applied Computer Science/SOFTWARE MEASUREMENT/igo-tvm/src/main/java/concordia/soen6611/igo_tvm/controllers/PaymentController.java,concordia.soen6611.igo_tvm.controllers.PaymentController,"goTo/2[java.lang.String,concordia.soen6611.igo_tvm.controllers.ActionEvent]",false,192,4,1,1,0,2,11,13,0,2,2,11,0,0,0,0,1,1,2,0,2,0,1,0,0,0,36,2,2,true
/Users/mohammadalshariar/Masters in Applied Computer Science/SOFTWARE MEASUREMENT/igo-tvm/src/main/java/concordia/soen6611/igo_tvm/config/MessagesConfig.java,concordia.soen6611.igo_tvm.config.MessagesConfig,messageSource/0,false,11,3,0,0,0,1,3,7,1,1,0,3,0,0,0,0,0,0,3,0,1,0,0,0,0,0,8,1,0,false
/Users/mohammadalshariar/Masters in Applied Computer Science/SOFTWARE MEASUREMENT/igo-tvm/src/main/java/concordia/soen6611/igo_tvm/exceptions/NetworkException.java,concordia.soen6611.igo_tvm.exceptions.NetworkException,"NetworkException/2[java.lang.String,java.lang.Throwable]",true,27,0,1,1,0,1,0,3,0,0,2,0,0,0,0,0,0,0,0,0,0,0,0,0,0,0,20,1,0,true
/Users/mohammadalshariar/Masters in Applied Computer Science/SOFTWARE MEASUREMENT/igo-tvm/src/main/java/concordia/soen6611/igo_tvm/exceptions/NetworkException.java,concordia.soen6611.igo_tvm.exceptions.NetworkException,NetworkException/1[java.lang.String],true,17,0,1,1,0,1,0,3,0,0,1,0,0,0,0,0,0,0,0,0,0,0,0,0,0,0,13,1,0,true
/Users/mohammadalshariar/Masters in Applied Computer Science/SOFTWARE MEASUREMENT/igo-tvm/src/main/java/concordia/soen6611/igo_tvm/controllers/ErrorDialogController.java,concordia.soen6611.igo_tvm.controllers.ErrorDialogController,initialize/0,false,61,2,1,0,1,1,1,3,0,0,0,1,1,1,0,0,0,0,0,0,0,0,0,0,0,0,10,2,0,true
/Users/mohammadalshariar/Masters in Applied Computer Science/SOFTWARE MEASUREMENT/igo-tvm/src/main/java/concordia/soen6611/igo_tvm/controllers/ErrorDialogController.java,concordia.soen6611.igo_tvm.controllers.ErrorDialogController,setStage/1[concordia.soen6611.igo_tvm.controllers.Stage],false,129,2,1,0,1,2,2,4,1,0,1,2,0,0,0,1,0,0,1,0,0,0,1,0,0,0,14,1,0,true
/Users/mohammadalshariar/Masters in Applied Computer Science/SOFTWARE MEASUREMENT/igo-tvm/src/main/java/concordia/soen6611/igo_tvm/controllers/ErrorDialogController.java,concordia.soen6611.igo_tvm.controllers.ErrorDialogController,updateTexts/0,false,76,1,2,1,1,1,2,6,0,0,0,2,0,0,0,0,0,0,4,0,0,0,0,0,0,0,12,2,0,true
/Users/mohammadalshariar/Masters in Applied Computer Science/SOFTWARE MEASUREMENT/igo-tvm/src/main/java/concordia/soen6611/igo_tvm/controllers/ErrorDialogController.java,concordia.soen6611.igo_tvm.controllers.ErrorDialogController,onClose/0,false,138,2,0,0,0,1,3,4,0,1,0,3,0,0,0,0,0,0,0,0,1,0,0,0,0,0,13,2,0,true
/Users/mohammadalshariar/Masters in Applied Computer Science/SOFTWARE MEASUREMENT/igo-tvm/src/main/java/concordia/soen6611/igo_tvm/controllers/ErrorDialogController.java,concordia.soen6611.igo_tvm.controllers.ErrorDialogController,setException/1[concordia.soen6611.igo_tvm.exceptions.AbstractCustomException],false,97,2,5,1,4,5,14,18,1,2,1,14,0,0,1,3,0,0,10,0,2,1,1,0,0,0,47,1,0,true
/Users/mohammadalshariar/Masters in Applied Computer Science/SOFTWARE MEASUREMENT/igo-tvm/src/main/java/concordia/soen6611/igo_tvm/controllers/MobileWalletController.java,concordia.soen6611.igo_tvm.controllers.MobileWalletController,updateTexts/0,false,133,1,2,1,1,1,2,6,0,0,0,2,0,0,0,0,0,0,4,0,0,0,0,0,0,0,9,2,0,true
/Users/mohammadalshariar/Masters in Applied Computer Science/SOFTWARE MEASUREMENT/igo-tvm/src/main/java/concordia/soen6611/igo_tvm/controllers/MobileWalletController.java,concordia.soen6611.igo_tvm.controllers.MobileWalletController,"goTo/2[java.lang.String,concordia.soen6611.igo_tvm.controllers.ActionEvent]",false,193,4,1,1,0,2,11,13,0,2,2,11,0,0,0,0,1,1,2,0,2,0,1,0,0,0,38,2,2,true
/Users/mohammadalshariar/Masters in Applied Computer Science/SOFTWARE MEASUREMENT/igo-tvm/src/main/java/concordia/soen6611/igo_tvm/controllers/MobileWalletController.java,concordia.soen6611.igo_tvm.controllers.MobileWalletController,onStart/1[concordia.soen6611.igo_tvm.controllers.ActionEvent],false,213,3,0,0,0,1,7,11,0,2,1,7,0,0,0,0,0,0,1,1,1,0,0,0,0,1,30,2,0,true
/Users/mohammadalshariar/Masters in Applied Computer Science/SOFTWARE MEASUREMENT/igo-tvm/src/main/java/concordia/soen6611/igo_tvm/controllers/MobileWalletController.java,concordia.soen6611.igo_tvm.controllers.MobileWalletController,onVolume/1[concordia.soen6611.igo_tvm.controllers.ActionEvent],false,145,1,0,0,0,1,1,3,0,0,1,1,0,0,0,0,0,0,1,0,0,0,0,0,0,0,18,1,1,true
/Users/mohammadalshariar/Masters in Applied Computer Science/SOFTWARE MEASUREMENT/igo-tvm/src/main/java/concordia/soen6611/igo_tvm/controllers/MobileWalletController.java,concordia.soen6611.igo_tvm.controllers.MobileWalletController,onBrandClick/1[concordia.soen6611.igo_tvm.controllers.MouseEvent],false,156,5,2,0,2,1,3,4,0,0,1,3,1,1,0,0,0,0,0,0,0,0,0,0,0,0,21,2,0,true
/Users/mohammadalshariar/Masters in Applied Computer Science/SOFTWARE MEASUREMENT/igo-tvm/src/main/java/concordia/soen6611/igo_tvm/controllers/MobileWalletController.java,concordia.soen6611.igo_tvm.controllers.MobileWalletController,"MobileWalletController/3[concordia.soen6611.igo_tvm.Services.I18nService,concordia.soen6611.igo_tvm.controllers.ApplicationContext,concordia.soen6611.igo_tvm.Services.PaymentSession]",true,94,3,0,0,0,1,0,5,0,0,3,0,0,0,0,0,0,0,0,0,3,0,0,0,0,0,26,1,0,true
/Users/mohammadalshariar/Masters in Applied Computer Science/SOFTWARE MEASUREMENT/igo-tvm/src/main/java/concordia/soen6611/igo_tvm/controllers/MobileWalletController.java,concordia.soen6611.igo_tvm.controllers.MobileWalletController,initialize/0,false,109,5,1,0,1,1,14,16,0,2,0,14,1,1,0,0,0,0,1,1,2,0,1,0,0,3,39,2,1,true
/Users/mohammadalshariar/Masters in Applied Computer Science/SOFTWARE MEASUREMENT/igo-tvm/src/main/java/concordia/soen6611/igo_tvm/controllers/MobileWalletController.java,concordia.soen6611.igo_tvm.controllers.MobileWalletController,goWelcomeScreen/1[concordia.soen6611.igo_tvm.controllers.Node],false,166,3,1,1,0,2,7,11,0,2,1,7,0,0,0,0,1,0,1,0,2,0,1,0,0,0,30,2,0,true
/Users/mohammadalshariar/Masters in Applied Computer Science/SOFTWARE MEASUREMENT/igo-tvm/src/main/java/concordia/soen6611/igo_tvm/controllers/MobileWalletController.java,concordia.soen6611.igo_tvm.controllers.MobileWalletController,onCancel/1[concordia.soen6611.igo_tvm.controllers.ActionEvent],false,183,3,1,0,1,1,1,3,0,0,1,1,1,1,0,0,0,0,1,0,0,0,0,0,0,0,16,2,0,true
/Users/mohammadalshariar/Masters in Applied Computer Science/SOFTWARE MEASUREMENT/igo-tvm/src/main/java/concordia/soen6611/igo_tvm/controllers/PaymentSuccessController.java,concordia.soen6611.igo_tvm.controllers.PaymentSuccessController,initialize/0,false,110,4,1,0,1,1,13,14,0,1,0,13,1,1,0,0,0,0,0,1,1,0,1,0,0,3,41,2,0,true
/Users/mohammadalshariar/Masters in Applied Computer Science/SOFTWARE MEASUREMENT/igo-tvm/src/main/java/concordia/soen6611/igo_tvm/controllers/PaymentSuccessController.java,concordia.soen6611.igo_tvm.controllers.PaymentSuccessController,onDone/1[concordia.soen6611.igo_tvm.controllers.ActionEvent],false,191,5,2,0,2,1,3,4,0,0,1,3,1,1,0,0,0,0,0,0,0,0,0,0,0,0,18,2,0,true
/Users/mohammadalshariar/Masters in Applied Computer Science/SOFTWARE MEASUREMENT/igo-tvm/src/main/java/concordia/soen6611/igo_tvm/controllers/PaymentSuccessController.java,concordia.soen6611.igo_tvm.controllers.PaymentSuccessController,goWelcomeScreen/1[concordia.soen6611.igo_tvm.controllers.Node],false,249,3,1,1,0,2,7,11,0,2,1,7,0,0,0,0,1,0,1,0,2,0,1,0,0,0,31,2,0,true
/Users/mohammadalshariar/Masters in Applied Computer Science/SOFTWARE MEASUREMENT/igo-tvm/src/main/java/concordia/soen6611/igo_tvm/controllers/PaymentSuccessController.java,concordia.soen6611.igo_tvm.controllers.PaymentSuccessController,onPrintReceipt/1[concordia.soen6611.igo_tvm.controllers.ActionEvent],false,158,7,2,0,2,1,13,17,0,4,1,13,1,1,0,0,0,0,4,1,3,1,1,0,0,1,48,2,0,true
/Users/mohammadalshariar/Masters in Applied Computer Science/SOFTWARE MEASUREMENT/igo-tvm/src/main/java/concordia/soen6611/igo_tvm/controllers/PaymentSuccessController.java,concordia.soen6611.igo_tvm.controllers.PaymentSuccessController,updateTexts/0,false,136,1,2,1,1,1,2,8,0,0,0,2,0,0,0,0,0,0,6,0,0,0,0,0,0,0,9,2,0,true
/Users/mohammadalshariar/Masters in Applied Computer Science/SOFTWARE MEASUREMENT/igo-tvm/src/main/java/concordia/soen6611/igo_tvm/controllers/PaymentSuccessController.java,concordia.soen6611.igo_tvm.controllers.PaymentSuccessController,goHome/1[concordia.soen6611.igo_tvm.controllers.Node],false,204,3,1,1,0,2,7,11,0,2,1,7,0,0,0,0,1,0,1,0,2,0,1,0,0,0,34,2,0,true
/Users/mohammadalshariar/Masters in Applied Computer Science/SOFTWARE MEASUREMENT/igo-tvm/src/main/java/concordia/soen6611/igo_tvm/controllers/PaymentSuccessController.java,concordia.soen6611.igo_tvm.controllers.PaymentSuccessController,onHelpClick/0,false,265,10,2,0,2,3,19,29,0,9,0,19,1,1,0,1,1,0,14,3,9,0,1,0,0,0,45,2,0,true
/Users/mohammadalshariar/Masters in Applied Computer Science/SOFTWARE MEASUREMENT/igo-tvm/src/main/java/concordia/soen6611/igo_tvm/controllers/PaymentSuccessController.java,concordia.soen6611.igo_tvm.controllers.PaymentSuccessController,onVolume/1[concordia.soen6611.igo_tvm.controllers.ActionEvent],false,232,1,0,0,0,1,0,2,0,0,1,0,0,0,0,0,0,0,0,0,0,0,0,0,0,0,17,1,0,true
/Users/mohammadalshariar/Masters in Applied Computer Science/SOFTWARE MEASUREMENT/igo-tvm/src/main/java/concordia/soen6611/igo_tvm/controllers/PaymentSuccessController.java,concordia.soen6611.igo_tvm.controllers.PaymentSuccessController,"contactRow/2[java.lang.String,java.lang.String]",false,316,5,2,1,1,1,8,17,1,6,2,8,0,0,0,0,0,0,4,1,5,0,1,0,0,1,38,2,0,true
/Users/mohammadalshariar/Masters in Applied Computer Science/SOFTWARE MEASUREMENT/igo-tvm/src/main/java/concordia/soen6611/igo_tvm/controllers/PaymentSuccessController.java,concordia.soen6611.igo_tvm.controllers.PaymentSuccessController,"PaymentSuccessController/3[concordia.soen6611.igo_tvm.controllers.ApplicationContext,concordia.soen6611.igo_tvm.Services.I18nService,concordia.soen6611.igo_tvm.Services.PaymentSession]",true,89,3,0,0,0,1,0,5,0,0,3,0,0,0,0,0,0,0,0,0,3,0,0,0,0,0,28,1,0,true
/Users/mohammadalshariar/Masters in Applied Computer Science/SOFTWARE MEASUREMENT/igo-tvm/src/main/java/concordia/soen6611/igo_tvm/controllers/PaymentSuccessController.java,concordia.soen6611.igo_tvm.controllers.PaymentSuccessController,setButtonsDisabled/1[boolean],false,220,0,1,1,0,3,1,4,0,0,1,1,0,0,0,2,0,0,0,0,0,0,1,0,0,0,19,2,0,true
/Users/mohammadalshariar/Masters in Applied Computer Science/SOFTWARE MEASUREMENT/igo-tvm/src/main/java/concordia/soen6611/igo_tvm/controllers/PaymentSuccessController.java,concordia.soen6611.igo_tvm.controllers.PaymentSuccessController,onBrandClick/1[concordia.soen6611.igo_tvm.controllers.MouseEvent],false,240,4,1,0,1,1,2,3,0,0,1,2,1,1,0,0,0,0,0,0,0,0,0,0,0,0,18,2,0,true
/Users/mohammadalshariar/Masters in Applied Computer Science/SOFTWARE MEASUREMENT/igo-tvm/src/main/java/concordia/soen6611/igo_tvm/models/Payment.java,concordia.soen6611.igo_tvm.models.Payment,setStatus/1[java.lang.String],false,76,0,2,2,0,1,0,3,0,0,1,0,0,0,0,0,0,0,0,0,1,0,0,0,0,0,7,1,0,true
/Users/mohammadalshariar/Masters in Applied Computer Science/SOFTWARE MEASUREMENT/igo-tvm/src/main/java/concordia/soen6611/igo_tvm/models/Payment.java,concordia.soen6611.igo_tvm.models.Payment,"Payment/2[java.lang.String,double]",true,30,0,2,2,0,1,0,5,0,0,2,0,0,0,0,0,0,0,1,0,3,0,0,0,0,0,13,1,0,true
/Users/mohammadalshariar/Masters in Applied Computer Science/SOFTWARE MEASUREMENT/igo-tvm/src/main/java/concordia/soen6611/igo_tvm/models/Payment.java,concordia.soen6611.igo_tvm.models.Payment,setMethod/1[java.lang.String],false,62,0,0,0,0,1,0,3,0,0,1,0,0,0,0,0,0,0,0,0,1,0,0,0,0,0,8,1,0,true
/Users/mohammadalshariar/Masters in Applied Computer Science/SOFTWARE MEASUREMENT/igo-tvm/src/main/java/concordia/soen6611/igo_tvm/models/Payment.java,concordia.soen6611.igo_tvm.models.Payment,getStatus/0,false,55,0,0,0,0,1,0,3,1,0,0,0,0,0,0,0,0,0,0,0,0,0,0,0,0,0,8,1,0,true
/Users/mohammadalshariar/Masters in Applied Computer Science/SOFTWARE MEASUREMENT/igo-tvm/src/main/java/concordia/soen6611/igo_tvm/models/Payment.java,concordia.soen6611.igo_tvm.models.Payment,getAmount/0,false,48,0,0,0,0,1,0,3,1,0,0,0,0,0,0,0,0,0,0,0,0,0,0,0,0,0,10,1,0,true
/Users/mohammadalshariar/Masters in Applied Computer Science/SOFTWARE MEASUREMENT/igo-tvm/src/main/java/concordia/soen6611/igo_tvm/models/Payment.java,concordia.soen6611.igo_tvm.models.Payment,setAmount/1[double],false,69,0,0,0,0,1,0,3,0,0,1,0,0,0,0,0,0,0,0,0,1,0,0,0,0,0,9,1,0,true
/Users/mohammadalshariar/Masters in Applied Computer Science/SOFTWARE MEASUREMENT/igo-tvm/src/main/java/concordia/soen6611/igo_tvm/models/Payment.java,concordia.soen6611.igo_tvm.models.Payment,getMethod/0,false,41,0,0,0,0,1,0,3,1,0,0,0,0,0,0,0,0,0,0,0,0,0,0,0,0,0,9,1,0,true
/Users/mohammadalshariar/Masters in Applied Computer Science/SOFTWARE MEASUREMENT/igo-tvm/src/main/java/concordia/soen6611/igo_tvm/Services/I18nService.java,concordia.soen6611.igo_tvm.Services.I18nService,localeProperty/0,false,108,2,5,5,0,1,0,3,1,0,0,0,0,0,0,0,0,0,0,0,0,0,0,0,0,0,18,1,0,true
/Users/mohammadalshariar/Masters in Applied Computer Science/SOFTWARE MEASUREMENT/igo-tvm/src/main/java/concordia/soen6611/igo_tvm/Services/I18nService.java,concordia.soen6611.igo_tvm.Services.I18nService,setLocale/1[java.util.Locale],false,97,0,2,2,0,1,1,3,0,0,1,1,0,0,0,0,0,0,0,0,0,0,0,0,0,0,21,1,0,true
/Users/mohammadalshariar/Masters in Applied Computer Science/SOFTWARE MEASUREMENT/igo-tvm/src/main/java/concordia/soen6611/igo_tvm/Services/I18nService.java,concordia.soen6611.igo_tvm.Services.I18nService,"get/2[java.lang.String,java.lang.Object[]]",false,68,1,26,25,1,2,7,13,2,1,2,7,1,1,0,0,1,0,6,0,1,3,1,0,0,0,45,1,0,true
/Users/mohammadalshariar/Masters in Applied Computer Science/SOFTWARE MEASUREMENT/igo-tvm/src/main/java/concordia/soen6611/igo_tvm/Services/I18nService.java,concordia.soen6611.igo_tvm.Services.I18nService,getLocale/0,false,87,0,7,7,0,1,1,3,1,0,0,1,0,0,0,0,0,0,0,0,0,0,0,0,0,0,7,1,0,true
/Users/mohammadalshariar/Masters in Applied Computer Science/SOFTWARE MEASUREMENT/igo-tvm/src/main/java/concordia/soen6611/igo_tvm/Services/I18nService.java,concordia.soen6611.igo_tvm.Services.I18nService,I18nService/1[concordia.soen6611.igo_tvm.Services.MessageSource],true,41,1,0,0,0,2,6,14,0,2,1,6,0,0,0,0,1,0,6,0,3,3,1,0,0,0,42,1,0,true
/Users/mohammadalshariar/Masters in Applied Computer Science/SOFTWARE MEASUREMENT/igo-tvm/src/main/java/concordia/soen6611/igo_tvm/Services/TextZoomService.java,concordia.soen6611.igo_tvm.Services.TextZoomService,setScale/1[double],false,187,1,5,3,2,1,3,5,0,0,1,3,2,2,0,0,0,0,1,0,1,0,0,0,0,0,19,1,0,true
/Users/mohammadalshariar/Masters in Applied Computer Science/SOFTWARE MEASUREMENT/igo-tvm/src/main/java/concordia/soen6611/igo_tvm/Services/TextZoomService.java,concordia.soen6611.igo_tvm.Services.TextZoomService,unregister/1[concordia.soen6611.igo_tvm.Services.Node[]],false,138,2,0,0,0,1,2,4,1,0,1,2,0,0,0,0,0,0,0,0,0,0,0,0,0,0,14,1,0,true
/Users/mohammadalshariar/Masters in Applied Computer Science/SOFTWARE MEASUREMENT/igo-tvm/src/main/java/concordia/soen6611/igo_tvm/Services/TextZoomService.java,concordia.soen6611.igo_tvm.Services.TextZoomService,"setInlineFontSize/2[concordia.soen6611.igo_tvm.Services.TextInputControl,double]",false,265,1,0,0,0,2,4,6,0,1,2,4,0,0,0,1,0,0,4,0,3,1,1,0,0,0,32,10,0,true
/Users/mohammadalshariar/Masters in Applied Computer Science/SOFTWARE MEASUREMENT/igo-tvm/src/main/java/concordia/soen6611/igo_tvm/Services/TextZoomService.java,concordia.soen6611.igo_tvm.Services.TextZoomService,TextZoomService/0,true,61,0,0,0,0,1,0,2,0,0,0,0,0,0,0,0,0,0,0,0,0,0,0,0,0,0,3,2,0,false
/Users/mohammadalshariar/Masters in Applied Computer Science/SOFTWARE MEASUREMENT/igo-tvm/src/main/java/concordia/soen6611/igo_tvm/Services/TextZoomService.java,concordia.soen6611.igo_tvm.Services.TextZoomService,register/1[concordia.soen6611.igo_tvm.Services.Node[]],false,72,2,2,0,2,3,3,10,1,0,1,3,2,2,1,1,0,0,0,0,0,0,2,0,0,0,35,1,0,true
/Users/mohammadalshariar/Masters in Applied Computer Science/SOFTWARE MEASUREMENT/igo-tvm/src/main/java/concordia/soen6611/igo_tvm/Services/TextZoomService.java,concordia.soen6611.igo_tvm.Services.TextZoomService,registerAll/1[concordia.soen6611.igo_tvm.Services.Parent],false,91,3,3,0,3,5,8,15,2,2,1,8,3,2,1,1,0,0,0,0,2,0,2,0,0,0,24,1,0,true
/Users/mohammadalshariar/Masters in Applied Computer Science/SOFTWARE MEASUREMENT/igo-tvm/src/main/java/concordia/soen6611/igo_tvm/Services/TextZoomService.java,concordia.soen6611.igo_tvm.Services.TextZoomService,apply/0,false,199,4,5,4,1,5,4,13,0,4,0,4,1,1,1,1,0,0,0,0,2,2,2,0,0,2,35,1,0,true
/Users/mohammadalshariar/Masters in Applied Computer Science/SOFTWARE MEASUREMENT/igo-tvm/src/main/java/concordia/soen6611/igo_tvm/Services/TextZoomService.java,concordia.soen6611.igo_tvm.Services.TextZoomService,cacheBaseline/1[concordia.soen6611.igo_tvm.Services.Node],false,229,3,3,3,0,3,3,8,0,0,1,3,0,0,0,0,0,0,0,0,0,0,1,0,0,0,23,2,0,true
/Users/mohammadalshariar/Masters in Applied Computer Science/SOFTWARE MEASUREMENT/igo-tvm/src/main/java/concordia/soen6611/igo_tvm/Services/TextZoomService.java,concordia.soen6611.igo_tvm.Services.TextZoomService,clamp/1[double],false,243,0,1,1,0,1,2,3,1,0,1,2,0,0,0,0,0,0,0,0,0,0,0,0,0,0,17,10,0,true
/Users/mohammadalshariar/Masters in Applied Computer Science/SOFTWARE MEASUREMENT/igo-tvm/src/main/java/concordia/soen6611/igo_tvm/Services/TextZoomService.java,concordia.soen6611.igo_tvm.Services.TextZoomService,"registerByStyleClass/2[concordia.soen6611.igo_tvm.Services.Parent,java.lang.String]",false,116,3,3,0,3,8,12,15,2,2,2,12,3,2,1,2,0,0,2,0,2,0,2,0,0,0,21,1,0,true
/Users/mohammadalshariar/Masters in Applied Computer Science/SOFTWARE MEASUREMENT/igo-tvm/src/main/java/concordia/soen6611/igo_tvm/Services/TextZoomService.java,concordia.soen6611.igo_tvm.Services.TextZoomService,get/0,false,45,1,3,3,0,1,0,3,1,0,0,0,0,0,0,0,0,0,0,0,0,0,0,0,0,0,17,9,0,true
/Users/mohammadalshariar/Masters in Applied Computer Science/SOFTWARE MEASUREMENT/igo-tvm/src/main/java/concordia/soen6611/igo_tvm/Services/TextZoomService.java,concordia.soen6611.igo_tvm.Services.TextZoomService,clear/0,false,149,1,0,0,0,1,2,5,1,0,0,2,0,0,0,0,0,0,0,0,0,0,0,0,0,0,18,1,0,true
/Users/mohammadalshariar/Masters in Applied Computer Science/SOFTWARE MEASUREMENT/igo-tvm/src/main/java/concordia/soen6611/igo_tvm/Services/TextZoomService.java,concordia.soen6611.igo_tvm.Services.TextZoomService,isTextNode/1[concordia.soen6611.igo_tvm.Services.Node],false,220,3,2,2,0,1,0,3,1,0,1,0,0,0,0,0,0,2,0,0,0,0,0,0,0,0,17,10,0,true
/Users/mohammadalshariar/Masters in Applied Computer Science/SOFTWARE MEASUREMENT/igo-tvm/src/main/java/concordia/soen6611/igo_tvm/Services/TextZoomService.java,concordia.soen6611.igo_tvm.Services.TextZoomService,zoomOut/0,false,174,1,2,1,1,1,1,3,0,0,0,1,1,3,0,0,0,0,0,0,0,1,0,0,0,0,18,1,0,true
/Users/mohammadalshariar/Masters in Applied Computer Science/SOFTWARE MEASUREMENT/igo-tvm/src/main/java/concordia/soen6611/igo_tvm/Services/TextZoomService.java,concordia.soen6611.igo_tvm.Services.TextZoomService,reset/0,false,179,1,1,0,1,1,1,3,0,0,0,1,1,3,0,0,0,0,0,1,0,0,0,0,0,0,13,1,0,true
/Users/mohammadalshariar/Masters in Applied Computer Science/SOFTWARE MEASUREMENT/igo-tvm/src/main/java/concordia/soen6611/igo_tvm/Services/TextZoomService.java,concordia.soen6611.igo_tvm.Services.TextZoomService,zoomIn/0,false,168,1,2,1,1,1,1,3,0,0,0,1,1,3,0,0,0,0,0,0,0,1,0,0,0,0,18,1,0,true
/Users/mohammadalshariar/Masters in Applied Computer Science/SOFTWARE MEASUREMENT/igo-tvm/src/main/java/concordia/soen6611/igo_tvm/Services/TextZoomService.java,concordia.soen6611.igo_tvm.Services.TextZoomService,"setInlineFontSize/2[concordia.soen6611.igo_tvm.Services.Labeled,double]",false,252,1,1,1,0,2,4,6,0,1,2,4,0,0,0,1,0,0,4,0,3,1,1,0,0,0,27,10,0,true
/Users/mohammadalshariar/Masters in Applied Computer Science/SOFTWARE MEASUREMENT/igo-tvm/src/main/java/concordia/soen6611/igo_tvm/Services/TextZoomService.java,concordia.soen6611.igo_tvm.Services.TextZoomService,getScale/0,false,162,0,1,1,0,1,0,3,1,0,0,0,0,0,0,0,0,0,0,0,0,0,0,0,0,0,14,1,0,true
